Datetime,Load
2023-01-01 00:00:00,102.6557043266145
2023-01-01 01:00:00,104.65719295775283
2023-01-01 02:00:00,113.4105762520618
2023-01-01 03:00:00,121.92941846732941
2023-01-01 04:00:00,116.32187476363042
2023-01-01 05:00:00,118.31996530259381
2023-01-01 06:00:00,128.0681976390953
2023-01-01 07:00:00,123.32782373310425
2023-01-01 08:00:00,115.14526970757235
2023-01-01 09:00:00,117.02706940321912
2023-01-01 10:00:00,107.85504509749603
2023-01-01 11:00:00,103.01986569575749
2023-01-01 12:00:00,101.38194491938852
2023-01-01 13:00:00,85.42935143621894
2023-01-01 14:00:00,81.54754439899318
2023-01-01 15:00:00,83.21856029162254
2023-01-01 16:00:00,77.78746988419746
2023-01-01 17:00:00,82.42485369875334
2023-01-01 18:00:00,75.63201318395228
2023-01-01 19:00:00,73.7920985291005
2023-01-01 20:00:00,90.17986933047735
2023-01-01 21:00:00,84.90111643539471
2023-01-01 22:00:00,90.50977458499796
2023-01-01 23:00:00,87.87201172844063
2023-01-02 00:00:00,97.62230249360154
2023-01-02 01:00:00,106.0752099668272
2023-01-02 02:00:00,104.58924822911594
2023-01-02 03:00:00,116.36484183168677
2023-01-02 04:00:00,114.6615307423222
2023-01-02 05:00:00,118.20426389304245
2023-01-02 06:00:00,117.33568305508047
2023-01-02 07:00:00,128.92412356455353
2023-01-02 08:00:00,117.59723806822656
2023-01-02 09:00:00,109.19779709517891
2023-01-02 10:00:00,114.4569406767434
2023-01-02 11:00:00,99.41637876842277
2023-01-02 12:00:00,101.38853409125123
2023-01-02 13:00:00,85.36948459477817
2023-01-02 14:00:00,83.7032858717353
2023-01-02 15:00:00,87.18638667184214
2023-01-02 16:00:00,86.71604094051574
2023-01-02 17:00:00,81.88254099639593
2023-01-02 18:00:00,79.76597470428625
2023-01-02 19:00:00,79.52018111249964
2023-01-02 20:00:00,75.63109808870155
2023-01-02 21:00:00,82.60285945052296
2023-01-02 22:00:00,88.04102226142852
2023-01-02 23:00:00,100.45344634527162
2023-01-03 00:00:00,102.23428812007485
2023-01-03 01:00:00,96.87737679746928
2023-01-03 02:00:00,112.13661651920651
2023-01-03 03:00:00,112.73292089388191
2023-01-03 04:00:00,114.45209474639151
2023-01-03 05:00:00,122.89309464221826
2023-01-03 06:00:00,125.6711942847123
2023-01-03 07:00:00,124.4911137935949
2023-01-03 08:00:00,113.64061713180813
2023-01-03 09:00:00,113.11227041670742
2023-01-03 10:00:00,112.17251382925036
2023-01-03 11:00:00,110.57030320989476
2023-01-03 12:00:00,98.12032548300608
2023-01-03 13:00:00,94.41152088686304
2023-01-03 14:00:00,84.9845218022024
2023-01-03 15:00:00,80.39302792809825
2023-01-03 16:00:00,87.25831770851477
2023-01-03 17:00:00,87.97888028930528
2023-01-03 18:00:00,80.15614606433087
2023-01-03 19:00:00,86.21534463591128
2023-01-03 20:00:00,85.00386872178194
2023-01-03 21:00:00,83.14846227547596
2023-01-03 22:00:00,92.32317469977461
2023-01-03 23:00:00,103.02999860251197
2023-01-04 00:00:00,100.50889407247344
2023-01-04 01:00:00,113.68762344914364
2023-01-04 02:00:00,97.58929874757447
2023-01-04 03:00:00,118.93967241363026
2023-01-04 04:00:00,118.44376768490282
2023-01-04 05:00:00,118.51150404147523
2023-01-04 06:00:00,121.14682815070071
2023-01-04 07:00:00,110.0686962208001
2023-01-04 08:00:00,116.91017290452442
2023-01-04 09:00:00,116.61572274931288
2023-01-04 10:00:00,118.07749449173077
2023-01-04 11:00:00,103.27305407870539
2023-01-04 12:00:00,96.64555625355726
2023-01-04 13:00:00,93.00285814805011
2023-01-04 14:00:00,95.26503485653357
2023-01-04 15:00:00,88.18964419259069
2023-01-04 16:00:00,80.71871517349923
2023-01-04 17:00:00,83.9358449078086
2023-01-04 18:00:00,81.1734120147634
2023-01-04 19:00:00,86.21273269490626
2023-01-04 20:00:00,79.85725072294767
2023-01-04 21:00:00,84.9075779113034
2023-01-04 22:00:00,88.72748350236242
2023-01-04 23:00:00,88.19406862531218
2023-01-05 00:00:00,102.34024937269734
2023-01-05 01:00:00,107.34130525032431
2023-01-05 02:00:00,110.88521527058677
2023-01-05 03:00:00,113.82884794422968
2023-01-05 04:00:00,111.10330235281116
2023-01-05 05:00:00,118.07493789932904
2023-01-05 06:00:00,119.14607540474061
2023-01-05 07:00:00,116.16677816704774
2023-01-05 08:00:00,117.3737275047332
2023-01-05 09:00:00,117.0220378951781
2023-01-05 10:00:00,120.29057749342711
2023-01-05 11:00:00,106.90891795358408
2023-01-05 12:00:00,102.14739994098828
2023-01-05 13:00:00,95.31103750649321
2023-01-05 14:00:00,81.26579191087924
2023-01-05 15:00:00,86.58494298639744
2023-01-05 16:00:00,83.84029096139082
2023-01-05 17:00:00,93.85734202401952
2023-01-05 18:00:00,79.89784316346885
2023-01-05 19:00:00,83.04886817326114
2023-01-05 20:00:00,83.36558106315948
2023-01-05 21:00:00,80.87412217554585
2023-01-05 22:00:00,96.57376205994956
2023-01-05 23:00:00,99.4429322487579
2023-01-06 00:00:00,104.98617670968959
2023-01-06 01:00:00,101.66046060255107
2023-01-06 02:00:00,118.04498852915485
2023-01-06 03:00:00,108.1638972842439
2023-01-06 04:00:00,121.28581051916447
2023-01-06 05:00:00,131.30181162930563
2023-01-06 06:00:00,116.07833534882091
2023-01-06 07:00:00,117.51804485224187
2023-01-06 08:00:00,118.84978187560134
2023-01-06 09:00:00,112.65577432762431
2023-01-06 10:00:00,103.27769981914369
2023-01-06 11:00:00,106.55021275055492
2023-01-06 12:00:00,95.71949840584384
2023-01-06 13:00:00,98.22259822559985
2023-01-06 14:00:00,86.43389580330533
2023-01-06 15:00:00,94.63855337583112
2023-01-06 16:00:00,79.7942424371044
2023-01-06 17:00:00,80.1021928676646
2023-01-06 18:00:00,85.0986030613227
2023-01-06 19:00:00,75.5581788665232
2023-01-06 20:00:00,84.84780857180624
2023-01-06 21:00:00,93.42459512215555
2023-01-06 22:00:00,82.99360080166822
2023-01-06 23:00:00,96.77780536508546
2023-01-07 00:00:00,102.50149442023564
2023-01-07 01:00:00,110.2875757099305
2023-01-07 02:00:00,105.01732689460312
2023-01-07 03:00:00,108.74193300730309
2023-01-07 04:00:00,121.13229635276679
2023-01-07 05:00:00,122.00552034094083
2023-01-07 06:00:00,122.4545447007229
2023-01-07 07:00:00,122.25283802225978
2023-01-07 08:00:00,115.12246491678985
2023-01-07 09:00:00,116.5054845585295
2023-01-07 10:00:00,112.66744281548694
2023-01-07 11:00:00,102.80670426091211
2023-01-07 12:00:00,110.5309530047173
2023-01-07 13:00:00,98.39486415150205
2023-01-07 14:00:00,85.24556296298029
2023-01-07 15:00:00,90.34271286843173
2023-01-07 16:00:00,79.00816402216816
2023-01-07 17:00:00,85.81898694192441
2023-01-07 18:00:00,86.99505834403055
2023-01-07 19:00:00,77.78015233145359
2023-01-07 20:00:00,88.69845301952637
2023-01-07 21:00:00,89.12384945994506
2023-01-07 22:00:00,95.31238124896598
2023-01-07 23:00:00,105.50966446021283
2023-01-08 00:00:00,100.1458471411183
2023-01-08 01:00:00,102.78048780139562
2023-01-08 02:00:00,106.92521557300503
2023-01-08 03:00:00,111.43587192003642
2023-01-08 04:00:00,118.3077872497509
2023-01-08 05:00:00,122.39706412099724
2023-01-08 06:00:00,122.75624171778274
2023-01-08 07:00:00,124.82722049209414
2023-01-08 08:00:00,118.75830525621096
2023-01-08 09:00:00,122.78259373065019
2023-01-08 10:00:00,110.04950355494287
2023-01-08 11:00:00,120.15001445613117
2023-01-08 12:00:00,104.50112445995768
2023-01-08 13:00:00,91.91061903700083
2023-01-08 14:00:00,86.01832523082709
2023-01-08 15:00:00,89.64301417361764
2023-01-08 16:00:00,82.93496571881464
2023-01-08 17:00:00,85.62427366581174
2023-01-08 18:00:00,83.73897584400038
2023-01-08 19:00:00,81.6901266320669
2023-01-08 20:00:00,79.81831105510186
2023-01-08 21:00:00,79.65641597397237
2023-01-08 22:00:00,89.14021296079754
2023-01-08 23:00:00,100.4784007906996
2023-01-09 00:00:00,102.61355692729383
2023-01-09 01:00:00,100.49077521513328
2023-01-09 02:00:00,112.40899283589872
2023-01-09 03:00:00,117.61181072901795
2023-01-09 04:00:00,114.4443091013259
2023-01-09 05:00:00,121.63023026215183
2023-01-09 06:00:00,121.8341317988728
2023-01-09 07:00:00,115.14675324327106
2023-01-09 08:00:00,120.652533084073
2023-01-09 09:00:00,118.48914646221493
2023-01-09 10:00:00,116.95834442251919
2023-01-09 11:00:00,111.98847936886774
2023-01-09 12:00:00,94.65474136685735
2023-01-09 13:00:00,91.67758210501678
2023-01-09 14:00:00,94.1182645426861
2023-01-09 15:00:00,89.96988233747291
2023-01-09 16:00:00,86.79781856248428
2023-01-09 17:00:00,101.48822913413504
2023-01-09 18:00:00,84.39754076010864
2023-01-09 19:00:00,87.90239988176442
2023-01-09 20:00:00,88.99258894842005
2023-01-09 21:00:00,90.65790883944085
2023-01-09 22:00:00,89.96674198344108
2023-01-09 23:00:00,100.16155340705872
2023-01-10 00:00:00,97.84880536912692
2023-01-10 01:00:00,105.70521931016515
2023-01-10 02:00:00,109.28611370266925
2023-01-10 03:00:00,116.26443776247734
2023-01-10 04:00:00,130.60673235087108
2023-01-10 05:00:00,111.69512200463741
2023-01-10 06:00:00,125.14423239368735
2023-01-10 07:00:00,112.96786861164789
2023-01-10 08:00:00,116.67378018855638
2023-01-10 09:00:00,121.29982005038255
2023-01-10 10:00:00,112.03433153729209
2023-01-10 11:00:00,101.50058845421867
2023-01-10 12:00:00,98.13641289551494
2023-01-10 13:00:00,99.93453928443775
2023-01-10 14:00:00,88.06109828322909
2023-01-10 15:00:00,88.65308876599372
2023-01-10 16:00:00,84.62028256564508
2023-01-10 17:00:00,79.13641317800432
2023-01-10 18:00:00,92.4326518884414
2023-01-10 19:00:00,85.56401002762345
2023-01-10 20:00:00,74.26671043283798
2023-01-10 21:00:00,88.50306739193095
2023-01-10 22:00:00,88.40399911797283
2023-01-10 23:00:00,100.79871721374546
2023-01-11 00:00:00,97.91966340626894
2023-01-11 01:00:00,106.48496579314835
2023-01-11 02:00:00,114.40720349333472
2023-01-11 03:00:00,120.353178693014
2023-01-11 04:00:00,113.20129313884232
2023-01-11 05:00:00,119.52827744500907
2023-01-11 06:00:00,119.50754054262765
2023-01-11 07:00:00,117.93413746134526
2023-01-11 08:00:00,128.0300463755267
2023-01-11 09:00:00,118.04931127696817
2023-01-11 10:00:00,105.57784732675721
2023-01-11 11:00:00,111.64795773575675
2023-01-11 12:00:00,112.49304808349561
2023-01-11 13:00:00,101.86821249913775
2023-01-11 14:00:00,84.28541726866237
2023-01-11 15:00:00,85.31896111037024
2023-01-11 16:00:00,90.89631476867679
2023-01-11 17:00:00,79.02540324455715
2023-01-11 18:00:00,84.10136423916357
2023-01-11 19:00:00,86.43692083979775
2023-01-11 20:00:00,79.92710666485326
2023-01-11 21:00:00,87.44250469439248
2023-01-11 22:00:00,75.67593039808708
2023-01-11 23:00:00,91.58394798971057
2023-01-12 00:00:00,100.7882042417204
2023-01-12 01:00:00,100.98850999091236
2023-01-12 02:00:00,120.21310151834437
2023-01-12 03:00:00,109.04247373261398
2023-01-12 04:00:00,117.17133064089003
2023-01-12 05:00:00,122.02326441089802
2023-01-12 06:00:00,129.25741144401678
2023-01-12 07:00:00,114.19025076857038
2023-01-12 08:00:00,125.18737183514978
2023-01-12 09:00:00,116.24434592751508
2023-01-12 10:00:00,107.14350174344644
2023-01-12 11:00:00,109.53794327205297
2023-01-12 12:00:00,103.04634347655355
2023-01-12 13:00:00,93.87357971084181
2023-01-12 14:00:00,92.40005542363629
2023-01-12 15:00:00,85.98234139064645
2023-01-12 16:00:00,85.29812364925367
2023-01-12 17:00:00,86.04318184551005
2023-01-12 18:00:00,89.98112907941295
2023-01-12 19:00:00,76.54345097877058
2023-01-12 20:00:00,95.39570379627877
2023-01-12 21:00:00,78.14847037734273
2023-01-12 22:00:00,91.29211952350828
2023-01-12 23:00:00,99.81625012905864
2023-01-13 00:00:00,103.62417446871683
2023-01-13 01:00:00,104.2820984329891
2023-01-13 02:00:00,111.17860387825529
2023-01-13 03:00:00,113.89634608047845
2023-01-13 04:00:00,116.59289942100936
2023-01-13 05:00:00,125.78574214092816
2023-01-13 06:00:00,124.0042925598669
2023-01-13 07:00:00,118.07318367951977
2023-01-13 08:00:00,124.03772258289669
2023-01-13 09:00:00,117.89784835815566
2023-01-13 10:00:00,116.28352572423645
2023-01-13 11:00:00,110.54374024171015
2023-01-13 12:00:00,98.0742400754313
2023-01-13 13:00:00,94.2419290270064
2023-01-13 14:00:00,95.95568315565797
2023-01-13 15:00:00,91.12893083347805
2023-01-13 16:00:00,84.79419908453215
2023-01-13 17:00:00,83.4873355208042
2023-01-13 18:00:00,88.60753960898379
2023-01-13 19:00:00,79.94284166008113
2023-01-13 20:00:00,87.63419396020309
2023-01-13 21:00:00,87.06611624414124
2023-01-13 22:00:00,91.13080911390556
2023-01-13 23:00:00,102.53671848792719
2023-01-14 00:00:00,106.51380940499965
2023-01-14 01:00:00,111.6306567421131
2023-01-14 02:00:00,118.91412169583116
2023-01-14 03:00:00,116.63388249195425
2023-01-14 04:00:00,123.11700059222309
2023-01-14 05:00:00,120.1539104028736
2023-01-14 06:00:00,124.00755942250171
2023-01-14 07:00:00,121.05452891400246
2023-01-14 08:00:00,120.19221556071187
2023-01-14 09:00:00,119.50464841097502
2023-01-14 10:00:00,108.29562424389215
2023-01-14 11:00:00,118.02504494053723
2023-01-14 12:00:00,97.35664075256099
2023-01-14 13:00:00,91.13940369407044
2023-01-14 14:00:00,98.17728202755984
2023-01-14 15:00:00,92.20290550614325
2023-01-14 16:00:00,88.18681866963152
2023-01-14 17:00:00,86.20993868059954
2023-01-14 18:00:00,82.32549379582494
2023-01-14 19:00:00,78.58193927684897
2023-01-14 20:00:00,85.44524237533938
2023-01-14 21:00:00,84.858783478768
2023-01-14 22:00:00,97.26232632714826
2023-01-14 23:00:00,96.47505985049838
2023-01-15 00:00:00,98.42604696719931
2023-01-15 01:00:00,106.12298464494731
2023-01-15 02:00:00,114.61819022254
2023-01-15 03:00:00,113.87704581087294
2023-01-15 04:00:00,115.76293904901847
2023-01-15 05:00:00,123.0904855344028
2023-01-15 06:00:00,123.77836580670548
2023-01-15 07:00:00,119.3373336000876
2023-01-15 08:00:00,117.51884949875904
2023-01-15 09:00:00,117.855918261681
2023-01-15 10:00:00,105.31311124367525
2023-01-15 11:00:00,100.69259498132952
2023-01-15 12:00:00,98.96131184489968
2023-01-15 13:00:00,96.30991629055222
2023-01-15 14:00:00,94.10807077915189
2023-01-15 15:00:00,95.7881784121787
2023-01-15 16:00:00,89.5213229914832
2023-01-15 17:00:00,82.43532377556336
2023-01-15 18:00:00,82.45845191164842
2023-01-15 19:00:00,78.22236960219145
2023-01-15 20:00:00,85.14045919551116
2023-01-15 21:00:00,86.96810413283023
2023-01-15 22:00:00,94.16712575285231
2023-01-15 23:00:00,93.24099733134983
2023-01-16 00:00:00,105.31631414654692
2023-01-16 01:00:00,115.55965704240435
2023-01-16 02:00:00,112.17578083305676
2023-01-16 03:00:00,118.8702758095667
2023-01-16 04:00:00,123.49080960958538
2023-01-16 05:00:00,120.03199574169325
2023-01-16 06:00:00,123.84004398439313
2023-01-16 07:00:00,122.10106010503141
2023-01-16 08:00:00,120.52847014377399
2023-01-16 09:00:00,112.99666827979468
2023-01-16 10:00:00,112.84213244663577
2023-01-16 11:00:00,110.38595393361872
2023-01-16 12:00:00,109.97529961431626
2023-01-16 13:00:00,102.33955480371668
2023-01-16 14:00:00,103.48549386289884
2023-01-16 15:00:00,84.74070813716988
2023-01-16 16:00:00,89.76067668325568
2023-01-16 17:00:00,84.31777507825143
2023-01-16 18:00:00,93.66859624142941
2023-01-16 19:00:00,79.35957362278391
2023-01-16 20:00:00,81.2004642887484
2023-01-16 21:00:00,85.58048272439
2023-01-16 22:00:00,82.10010295379202
2023-01-16 23:00:00,94.91442556488683
2023-01-17 00:00:00,99.0891610210376
2023-01-17 01:00:00,108.81317416323753
2023-01-17 02:00:00,114.59360420769188
2023-01-17 03:00:00,126.40781414861647
2023-01-17 04:00:00,124.95745159542511
2023-01-17 05:00:00,119.31882257627545
2023-01-17 06:00:00,118.3927509720643
2023-01-17 07:00:00,124.66293671212
2023-01-17 08:00:00,113.60416636939166
2023-01-17 09:00:00,126.1842537818088
2023-01-17 10:00:00,118.78202493241253
2023-01-17 11:00:00,105.715326970333
2023-01-17 12:00:00,94.3191516833517
2023-01-17 13:00:00,104.47780529758275
2023-01-17 14:00:00,92.312125102543
2023-01-17 15:00:00,94.93177026494246
2023-01-17 16:00:00,77.59217795914549
2023-01-17 17:00:00,80.56943268825584
2023-01-17 18:00:00,82.91104282739701
2023-01-17 19:00:00,83.80121077184842
2023-01-17 20:00:00,83.31398889572111
2023-01-17 21:00:00,91.85693836681263
2023-01-17 22:00:00,87.54672218189312
2023-01-17 23:00:00,96.9965460016492
2023-01-18 00:00:00,103.65069040512238
2023-01-18 01:00:00,110.79778731890704
2023-01-18 02:00:00,116.60728663700733
2023-01-18 03:00:00,111.56813741110449
2023-01-18 04:00:00,112.69914946857354
2023-01-18 05:00:00,128.7561128818368
2023-01-18 06:00:00,124.71078230646084
2023-01-18 07:00:00,118.6252960895615
2023-01-18 08:00:00,128.12548019986428
2023-01-18 09:00:00,117.76972104175813
2023-01-18 10:00:00,118.94569816688202
2023-01-18 11:00:00,108.56318555566386
2023-01-18 12:00:00,113.35295187097282
2023-01-18 13:00:00,106.6495355567285
2023-01-18 14:00:00,91.80439150416753
2023-01-18 15:00:00,93.76493137760373
2023-01-18 16:00:00,88.95558391879986
2023-01-18 17:00:00,90.57385350844325
2023-01-18 18:00:00,78.22459494366237
2023-01-18 19:00:00,87.1609530207737
2023-01-18 20:00:00,91.02082660512207
2023-01-18 21:00:00,80.11337919071636
2023-01-18 22:00:00,87.13291968323401
2023-01-18 23:00:00,87.67667045571196
2023-01-19 00:00:00,101.86566244470086
2023-01-19 01:00:00,111.97678879795387
2023-01-19 02:00:00,120.72448187740379
2023-01-19 03:00:00,117.72530614275348
2023-01-19 04:00:00,128.67628242046888
2023-01-19 05:00:00,115.63070585163057
2023-01-19 06:00:00,114.69578442014787
2023-01-19 07:00:00,122.25347464822194
2023-01-19 08:00:00,122.45353193730897
2023-01-19 09:00:00,117.19135850018414
2023-01-19 10:00:00,102.87548611672426
2023-01-19 11:00:00,107.94347732141013
2023-01-19 12:00:00,96.69034911439938
2023-01-19 13:00:00,101.38467845902343
2023-01-19 14:00:00,95.04568784740789
2023-01-19 15:00:00,84.37116206155594
2023-01-19 16:00:00,83.32285395455142
2023-01-19 17:00:00,78.59811248169751
2023-01-19 18:00:00,82.89930113055779
2023-01-19 19:00:00,88.66989169364847
2023-01-19 20:00:00,80.96355830955717
2023-01-19 21:00:00,91.59079357078193
2023-01-19 22:00:00,90.56140852506145
2023-01-19 23:00:00,94.0719515535615
2023-01-20 00:00:00,102.84007719616834
2023-01-20 01:00:00,103.37539828589468
2023-01-20 02:00:00,110.60698246920522
2023-01-20 03:00:00,111.52797515672783
2023-01-20 04:00:00,130.51936273621183
2023-01-20 05:00:00,122.87006328158115
2023-01-20 06:00:00,119.8766014559782
2023-01-20 07:00:00,123.76364507539361
2023-01-20 08:00:00,120.13409682317575
2023-01-20 09:00:00,116.41251662200597
2023-01-20 10:00:00,116.44606249615825
2023-01-20 11:00:00,112.33914844822807
2023-01-20 12:00:00,100.72272325788849
2023-01-20 13:00:00,95.31975689066732
2023-01-20 14:00:00,91.9999705101829
2023-01-20 15:00:00,77.72348754853226
2023-01-20 16:00:00,78.4787656092596
2023-01-20 17:00:00,90.89108380738237
2023-01-20 18:00:00,91.60006756344755
2023-01-20 19:00:00,82.81153227237786
2023-01-20 20:00:00,88.9375057355312
2023-01-20 21:00:00,90.78934414492785
2023-01-20 22:00:00,108.76963303821732
2023-01-20 23:00:00,103.79672265106359
2023-01-21 00:00:00,102.89717326435988
2023-01-21 01:00:00,103.935439920812
2023-01-21 02:00:00,105.50452962047585
2023-01-21 03:00:00,118.69621502483078
2023-01-21 04:00:00,117.07551557103096
2023-01-21 05:00:00,115.74400919955671
2023-01-21 06:00:00,120.30389680055107
2023-01-21 07:00:00,117.44753772947311
2023-01-21 08:00:00,129.29297747281532
2023-01-21 09:00:00,122.08709563024192
2023-01-21 10:00:00,113.49689801518062
2023-01-21 11:00:00,116.11286281826426
2023-01-21 12:00:00,103.9236027600018
2023-01-21 13:00:00,94.05395931307199
2023-01-21 14:00:00,101.152381608112
2023-01-21 15:00:00,92.08917581645606
2023-01-21 16:00:00,81.03002237444267
2023-01-21 17:00:00,83.26655130556429
2023-01-21 18:00:00,79.15866995483992
2023-01-21 19:00:00,77.30424604116065
2023-01-21 20:00:00,90.84714088373316
2023-01-21 21:00:00,98.94170880038341
2023-01-21 22:00:00,86.543923352668
2023-01-21 23:00:00,101.17522650316614
2023-01-22 00:00:00,100.44403258329758
2023-01-22 01:00:00,106.43799941213365
2023-01-22 02:00:00,110.73527580771238
2023-01-22 03:00:00,113.5194272042386
2023-01-22 04:00:00,121.26036164431963
2023-01-22 05:00:00,118.86101137263292
2023-01-22 06:00:00,125.04952955780593
2023-01-22 07:00:00,122.76457140744242
2023-01-22 08:00:00,119.82301327026346
2023-01-22 09:00:00,113.30156274242968
2023-01-22 10:00:00,110.81338877606507
2023-01-22 11:00:00,112.65058246008593
2023-01-22 12:00:00,106.20183136702863
2023-01-22 13:00:00,93.63308830286356
2023-01-22 14:00:00,94.19390695605286
2023-01-22 15:00:00,93.31204542203473
2023-01-22 16:00:00,78.02971094761111
2023-01-22 17:00:00,87.09552986502503
2023-01-22 18:00:00,80.38412663417749
2023-01-22 19:00:00,87.23172224609115
2023-01-22 20:00:00,82.56044157050538
2023-01-22 21:00:00,80.53069930185318
2023-01-22 22:00:00,85.55953323949092
2023-01-22 23:00:00,98.76128926016321
2023-01-23 00:00:00,105.15524657104348
2023-01-23 01:00:00,104.51143183896444
2023-01-23 02:00:00,117.04959635632294
2023-01-23 03:00:00,109.69116937482222
2023-01-23 04:00:00,120.84674314488825
2023-01-23 05:00:00,117.12006958940516
2023-01-23 06:00:00,120.59745352342527
2023-01-23 07:00:00,123.41214394479952
2023-01-23 08:00:00,116.87507531170509
2023-01-23 09:00:00,116.07599196501789
2023-01-23 10:00:00,118.88809810850827
2023-01-23 11:00:00,106.14855561687075
2023-01-23 12:00:00,108.03509462276178
2023-01-23 13:00:00,93.03171888709757
2023-01-23 14:00:00,96.50565495201249
2023-01-23 15:00:00,96.92234154199464
2023-01-23 16:00:00,74.17790348611086
2023-01-23 17:00:00,80.55364125930231
2023-01-23 18:00:00,86.74199469833877
2023-01-23 19:00:00,83.52289060643973
2023-01-23 20:00:00,88.39185535360386
2023-01-23 21:00:00,86.69457250512602
2023-01-23 22:00:00,94.28958299980057
2023-01-23 23:00:00,97.90186698342525
2023-01-24 00:00:00,109.85379020035876
2023-01-24 01:00:00,110.4633650106162
2023-01-24 02:00:00,115.70289320243573
2023-01-24 03:00:00,116.09763068517834
2023-01-24 04:00:00,118.89735684738602
2023-01-24 05:00:00,121.170605478743
2023-01-24 06:00:00,125.9871406039512
2023-01-24 07:00:00,121.22847401373978
2023-01-24 08:00:00,122.78426225223056
2023-01-24 09:00:00,128.53401950901787
2023-01-24 10:00:00,118.37050340921819
2023-01-24 11:00:00,107.56114313327095
2023-01-24 12:00:00,110.02094950287945
2023-01-24 13:00:00,96.79812212490155
2023-01-24 14:00:00,83.82425721617045
2023-01-24 15:00:00,84.83231271374177
2023-01-24 16:00:00,77.34041221124168
2023-01-24 17:00:00,82.9387959460718
2023-01-24 18:00:00,84.10697178800748
2023-01-24 19:00:00,93.07854992765476
2023-01-24 20:00:00,88.32900868519178
2023-01-24 21:00:00,88.77724162428446
2023-01-24 22:00:00,98.16190779797716
2023-01-24 23:00:00,87.78282244496987
2023-01-25 00:00:00,105.35000881666599
2023-01-25 01:00:00,113.20264289760841
2023-01-25 02:00:00,106.77900479722396
2023-01-25 03:00:00,124.03284186588876
2023-01-25 04:00:00,123.184926139284
2023-01-25 05:00:00,121.41401298240054
2023-01-25 06:00:00,127.33584535665459
2023-01-25 07:00:00,134.8439168409265
2023-01-25 08:00:00,122.40177537710441
2023-01-25 09:00:00,119.5551745813558
2023-01-25 10:00:00,111.87513152842195
2023-01-25 11:00:00,105.09909508084962
2023-01-25 12:00:00,108.3236151088444
2023-01-25 13:00:00,94.71513599452841
2023-01-25 14:00:00,94.52976721222012
2023-01-25 15:00:00,87.64151316856665
2023-01-25 16:00:00,89.24632707916636
2023-01-25 17:00:00,86.52173002677652
2023-01-25 18:00:00,89.35963574741265
2023-01-25 19:00:00,82.30333750606805
2023-01-25 20:00:00,85.50205327396755
2023-01-25 21:00:00,85.13598182348068
2023-01-25 22:00:00,91.95046972574261
2023-01-25 23:00:00,100.882057589297
2023-01-26 00:00:00,108.11269900873107
2023-01-26 01:00:00,104.89331020666658
2023-01-26 02:00:00,118.67578552603261
2023-01-26 03:00:00,125.24808084326001
2023-01-26 04:00:00,123.71543851731157
2023-01-26 05:00:00,133.030251514076
2023-01-26 06:00:00,120.45880992998644
2023-01-26 07:00:00,117.4229989347286
2023-01-26 08:00:00,112.75466275667169
2023-01-26 09:00:00,125.95011310668117
2023-01-26 10:00:00,117.59958420727459
2023-01-26 11:00:00,109.22621347300246
2023-01-26 12:00:00,105.7275990571034
2023-01-26 13:00:00,93.52392978696201
2023-01-26 14:00:00,106.55651582358844
2023-01-26 15:00:00,90.83172621164951
2023-01-26 16:00:00,87.55422182284
2023-01-26 17:00:00,88.6380725192164
2023-01-26 18:00:00,86.73280208418787
2023-01-26 19:00:00,86.12865952111859
2023-01-26 20:00:00,83.05487557258898
2023-01-26 21:00:00,92.54296208745333
2023-01-26 22:00:00,103.73787840787948
2023-01-26 23:00:00,105.87847525422877
2023-01-27 00:00:00,112.44822655060109
2023-01-27 01:00:00,107.10259593729859
2023-01-27 02:00:00,109.5342693161112
2023-01-27 03:00:00,117.99549444063682
2023-01-27 04:00:00,122.08142605453635
2023-01-27 05:00:00,129.27176753554022
2023-01-27 06:00:00,116.01997026883001
2023-01-27 07:00:00,131.44856154048856
2023-01-27 08:00:00,121.01276200019794
2023-01-27 09:00:00,116.49002369139797
2023-01-27 10:00:00,109.42177154110327
2023-01-27 11:00:00,101.38439096012569
2023-01-27 12:00:00,108.59814633721368
2023-01-27 13:00:00,99.67250235129572
2023-01-27 14:00:00,88.03248891869885
2023-01-27 15:00:00,83.86476393335509
2023-01-27 16:00:00,85.48286184526471
2023-01-27 17:00:00,93.50888451806969
2023-01-27 18:00:00,83.18433666058608
2023-01-27 19:00:00,77.6480621260322
2023-01-27 20:00:00,85.93307002128562
2023-01-27 21:00:00,88.9765399449348
2023-01-27 22:00:00,80.99786020269624
2023-01-27 23:00:00,99.03443818276462
2023-01-28 00:00:00,103.48083005798513
2023-01-28 01:00:00,113.29291543514601
2023-01-28 02:00:00,123.88028318375524
2023-01-28 03:00:00,124.41046348049825
2023-01-28 04:00:00,120.61156733194312
2023-01-28 05:00:00,118.42138969110154
2023-01-28 06:00:00,137.50230172527782
2023-01-28 07:00:00,124.25011140488233
2023-01-28 08:00:00,122.02565724428203
2023-01-28 09:00:00,118.65701289720946
2023-01-28 10:00:00,115.62592651286779
2023-01-28 11:00:00,109.09008155145922
2023-01-28 12:00:00,101.76719267462734
2023-01-28 13:00:00,96.72482710077614
2023-01-28 14:00:00,94.47173635794853
2023-01-28 15:00:00,87.77624322962875
2023-01-28 16:00:00,83.75076571995393
2023-01-28 17:00:00,85.84913732170662
2023-01-28 18:00:00,83.36061662192424
2023-01-28 19:00:00,92.83695112616059
2023-01-28 20:00:00,74.06014559137469
2023-01-28 21:00:00,95.95090134490988
2023-01-28 22:00:00,100.86592867151666
2023-01-28 23:00:00,89.09217064493734
2023-01-29 00:00:00,103.07390043075614
2023-01-29 01:00:00,108.10651497322934
2023-01-29 02:00:00,107.74977992756878
2023-01-29 03:00:00,115.04039058693445
2023-01-29 04:00:00,116.5549672495175
2023-01-29 05:00:00,132.86720714405737
2023-01-29 06:00:00,129.4657303668952
2023-01-29 07:00:00,130.46363040191005
2023-01-29 08:00:00,125.71620679706284
2023-01-29 09:00:00,113.28421516880269
2023-01-29 10:00:00,112.16473706975901
2023-01-29 11:00:00,112.4105921093479
2023-01-29 12:00:00,98.67669935669815
2023-01-29 13:00:00,103.17594964996941
2023-01-29 14:00:00,93.58571141036721
2023-01-29 15:00:00,88.77109873967896
2023-01-29 16:00:00,91.02163016648657
2023-01-29 17:00:00,87.6901384328067
2023-01-29 18:00:00,82.98250757206249
2023-01-29 19:00:00,91.26547089219774
2023-01-29 20:00:00,82.06151368746963
2023-01-29 21:00:00,93.72488081214826
2023-01-29 22:00:00,97.75284469099981
2023-01-29 23:00:00,98.0632253025375
2023-01-30 00:00:00,106.56842061281036
2023-01-30 01:00:00,103.85856852172367
2023-01-30 02:00:00,119.55789059763427
2023-01-30 03:00:00,118.15538044311577
2023-01-30 04:00:00,119.64464847469333
2023-01-30 05:00:00,129.5013181565656
2023-01-30 06:00:00,121.41603704888597
2023-01-30 07:00:00,117.21396554556334
2023-01-30 08:00:00,114.47511770966902
2023-01-30 09:00:00,122.10994088205892
2023-01-30 10:00:00,108.53560873911835
2023-01-30 11:00:00,118.88810731357202
2023-01-30 12:00:00,94.52810846218115
2023-01-30 13:00:00,108.24365644099954
2023-01-30 14:00:00,95.99284283761286
2023-01-30 15:00:00,90.31205431851687
2023-01-30 16:00:00,84.89265199186626
2023-01-30 17:00:00,87.61491954757875
2023-01-30 18:00:00,84.74958198947553
2023-01-30 19:00:00,91.135748385901
2023-01-30 20:00:00,88.1883856692212
2023-01-30 21:00:00,91.54712868517821
2023-01-30 22:00:00,93.1196944405305
2023-01-30 23:00:00,99.476646480944
2023-01-31 00:00:00,106.62571828298134
2023-01-31 01:00:00,101.71224837728832
2023-01-31 02:00:00,108.34578232799248
2023-01-31 03:00:00,122.94516553236556
2023-01-31 04:00:00,123.26154470484951
2023-01-31 05:00:00,123.48530928253902
2023-01-31 06:00:00,125.178879103848
2023-01-31 07:00:00,126.14313449111077
2023-01-31 08:00:00,119.70841911266301
2023-01-31 09:00:00,115.33732143524043
2023-01-31 10:00:00,116.06593571400944
2023-01-31 11:00:00,105.3712264524963
2023-01-31 12:00:00,107.1279732170934
2023-01-31 13:00:00,91.39741051528142
2023-01-31 14:00:00,100.23248762514926
2023-01-31 15:00:00,93.30756122685531
2023-01-31 16:00:00,89.04635003440166
2023-01-31 17:00:00,90.68164783246723
2023-01-31 18:00:00,93.41408166083393
2023-01-31 19:00:00,90.84004323783032
2023-01-31 20:00:00,78.56183020617405
2023-01-31 21:00:00,84.54668898111159
2023-01-31 22:00:00,91.96261655004264
2023-01-31 23:00:00,100.04078378752479
2023-02-01 00:00:00,107.82245117600111
2023-02-01 01:00:00,106.78181790993858
2023-02-01 02:00:00,116.1679898960409
2023-02-01 03:00:00,115.59937703561984
2023-02-01 04:00:00,119.49707513438452
2023-02-01 05:00:00,117.51936711519576
2023-02-01 06:00:00,120.61798984310097
2023-02-01 07:00:00,117.79424957135521
2023-02-01 08:00:00,117.6752978844576
2023-02-01 09:00:00,124.64450068042565
2023-02-01 10:00:00,110.48716162949579
2023-02-01 11:00:00,123.57244729989287
2023-02-01 12:00:00,107.70074557805995
2023-02-01 13:00:00,100.98195579007945
2023-02-01 14:00:00,90.94236717274943
2023-02-01 15:00:00,94.59356984696952
2023-02-01 16:00:00,85.03545886677786
2023-02-01 17:00:00,86.52568862110093
2023-02-01 18:00:00,98.03457876499947
2023-02-01 19:00:00,85.43534004925087
2023-02-01 20:00:00,93.6600146293951
2023-02-01 21:00:00,87.57613832429512
2023-02-01 22:00:00,95.05921362117068
2023-02-01 23:00:00,108.91177834978262
2023-02-02 00:00:00,102.24521642644416
2023-02-02 01:00:00,119.61867540741804
2023-02-02 02:00:00,118.91881139266037
2023-02-02 03:00:00,116.7098534596426
2023-02-02 04:00:00,125.86259848634936
2023-02-02 05:00:00,129.561340489298
2023-02-02 06:00:00,128.48910152646897
2023-02-02 07:00:00,116.84744464171209
2023-02-02 08:00:00,119.06487391194743
2023-02-02 09:00:00,118.28459416135642
2023-02-02 10:00:00,115.00788456988276
2023-02-02 11:00:00,113.65979310518681
2023-02-02 12:00:00,106.26855672004926
2023-02-02 13:00:00,93.52694901978208
2023-02-02 14:00:00,97.2810409704128
2023-02-02 15:00:00,94.29084481807116
2023-02-02 16:00:00,90.85849587934942
2023-02-02 17:00:00,91.46543881737472
2023-02-02 18:00:00,89.54966248812751
2023-02-02 19:00:00,88.3574355857438
2023-02-02 20:00:00,87.70871508240099
2023-02-02 21:00:00,82.93311142407208
2023-02-02 22:00:00,97.52814281104592
2023-02-02 23:00:00,101.24210924914811
2023-02-03 00:00:00,106.88224731765305
2023-02-03 01:00:00,104.31699115462506
2023-02-03 02:00:00,110.11907042963489
2023-02-03 03:00:00,124.93225302207166
2023-02-03 04:00:00,122.64708543808169
2023-02-03 05:00:00,128.2503731443207
2023-02-03 06:00:00,125.66594501232849
2023-02-03 07:00:00,124.9916503549363
2023-02-03 08:00:00,127.53628023724497
2023-02-03 09:00:00,117.08626511432027
2023-02-03 10:00:00,116.00495701638111
2023-02-03 11:00:00,108.3893575902014
2023-02-03 12:00:00,103.35187199451461
2023-02-03 13:00:00,98.80211161228259
2023-02-03 14:00:00,96.63502198984476
2023-02-03 15:00:00,88.98847439962788
2023-02-03 16:00:00,94.48262568385503
2023-02-03 17:00:00,81.7328000947973
2023-02-03 18:00:00,84.5899949108694
2023-02-03 19:00:00,84.00718131452395
2023-02-03 20:00:00,95.4387344777561
2023-02-03 21:00:00,92.36499139050312
2023-02-03 22:00:00,100.68357582901936
2023-02-03 23:00:00,92.9201703644409
2023-02-04 00:00:00,107.00226889225746
2023-02-04 01:00:00,115.29155244307877
2023-02-04 02:00:00,116.07843750928829
2023-02-04 03:00:00,125.13655506196888
2023-02-04 04:00:00,120.40108338809807
2023-02-04 05:00:00,132.03227128962044
2023-02-04 06:00:00,137.16150818100743
2023-02-04 07:00:00,123.17134128649425
2023-02-04 08:00:00,120.76001303159609
2023-02-04 09:00:00,127.07607557223062
2023-02-04 10:00:00,123.56487829156472
2023-02-04 11:00:00,108.22909832919525
2023-02-04 12:00:00,103.56608347743189
2023-02-04 13:00:00,99.08171361655822
2023-02-04 14:00:00,88.94476500773979
2023-02-04 15:00:00,86.93162220675924
2023-02-04 16:00:00,83.32580565346207
2023-02-04 17:00:00,82.50951321160915
2023-02-04 18:00:00,85.49359312597727
2023-02-04 19:00:00,87.5195746998124
2023-02-04 20:00:00,96.0990119512928
2023-02-04 21:00:00,86.53311173548626
2023-02-04 22:00:00,100.58862955529409
2023-02-04 23:00:00,99.4206924397332
2023-02-05 00:00:00,105.56068418627584
2023-02-05 01:00:00,114.35848109742143
2023-02-05 02:00:00,110.19439262672651
2023-02-05 03:00:00,121.8621870891892
2023-02-05 04:00:00,123.96077185129205
2023-02-05 05:00:00,127.58877558036014
2023-02-05 06:00:00,127.2538459540771
2023-02-05 07:00:00,137.40301995987386
2023-02-05 08:00:00,119.9398108889702
2023-02-05 09:00:00,117.29515358325988
2023-02-05 10:00:00,112.69230010241418
2023-02-05 11:00:00,108.20699804078716
2023-02-05 12:00:00,102.62106709800543
2023-02-05 13:00:00,106.57670448802536
2023-02-05 14:00:00,102.91052397448728
2023-02-05 15:00:00,88.81213564205969
2023-02-05 16:00:00,84.3257167933281
2023-02-05 17:00:00,88.84656399068865
2023-02-05 18:00:00,83.04688751313316
2023-02-05 19:00:00,89.65414529753419
2023-02-05 20:00:00,89.50210976310574
2023-02-05 21:00:00,84.08714653582089
2023-02-05 22:00:00,103.54552874118832
2023-02-05 23:00:00,109.61101019796519
2023-02-06 00:00:00,102.8833234171857
2023-02-06 01:00:00,109.18513997197812
2023-02-06 02:00:00,117.37659382323216
2023-02-06 03:00:00,121.7616864432737
2023-02-06 04:00:00,126.56049630866055
2023-02-06 05:00:00,135.31680608922076
2023-02-06 06:00:00,125.06253073213739
2023-02-06 07:00:00,121.27429717269673
2023-02-06 08:00:00,116.37117880522378
2023-02-06 09:00:00,116.43475229362899
2023-02-06 10:00:00,115.78163200523865
2023-02-06 11:00:00,120.09643708924699
2023-02-06 12:00:00,103.35921037442678
2023-02-06 13:00:00,101.8898257257517
2023-02-06 14:00:00,95.86515238924387
2023-02-06 15:00:00,97.74709761311712
2023-02-06 16:00:00,101.26142092328698
2023-02-06 17:00:00,83.97440647922465
2023-02-06 18:00:00,83.50006965701652
2023-02-06 19:00:00,91.84955472917162
2023-02-06 20:00:00,92.03621624205043
2023-02-06 21:00:00,101.03866787455685
2023-02-06 22:00:00,98.86690779623746
2023-02-06 23:00:00,98.97442551362191
2023-02-07 00:00:00,109.03804285461281
2023-02-07 01:00:00,116.80466750611622
2023-02-07 02:00:00,120.18717960713808
2023-02-07 03:00:00,122.7632744804187
2023-02-07 04:00:00,128.7386502247858
2023-02-07 05:00:00,131.249763179161
2023-02-07 06:00:00,132.9955636563389
2023-02-07 07:00:00,128.64683466488086
2023-02-07 08:00:00,122.56968637525577
2023-02-07 09:00:00,120.96047275704883
2023-02-07 10:00:00,122.11731353369305
2023-02-07 11:00:00,107.1764712482655
2023-02-07 12:00:00,107.92813524551576
2023-02-07 13:00:00,98.94169373746405
2023-02-07 14:00:00,96.22849281582535
2023-02-07 15:00:00,98.33489239045682
2023-02-07 16:00:00,89.71975596556202
2023-02-07 17:00:00,86.99843491615063
2023-02-07 18:00:00,79.28548799625166
2023-02-07 19:00:00,90.49752000550599
2023-02-07 20:00:00,91.99168153116787
2023-02-07 21:00:00,102.75890669394761
2023-02-07 22:00:00,94.54587752638626
2023-02-07 23:00:00,102.00413943742053
2023-02-08 00:00:00,107.46738590296245
2023-02-08 01:00:00,119.28411478527646
2023-02-08 02:00:00,115.7439898224739
2023-02-08 03:00:00,121.75771073699131
2023-02-08 04:00:00,126.58045810868013
2023-02-08 05:00:00,126.47202962597184
2023-02-08 06:00:00,123.98829941165603
2023-02-08 07:00:00,126.50943397468158
2023-02-08 08:00:00,128.9091343093963
2023-02-08 09:00:00,115.23002661108433
2023-02-08 10:00:00,116.88531585514305
2023-02-08 11:00:00,107.89624431176323
2023-02-08 12:00:00,112.19570062903288
2023-02-08 13:00:00,93.4281520584394
2023-02-08 14:00:00,93.42585824805073
2023-02-08 15:00:00,93.96439123600034
2023-02-08 16:00:00,96.7275795548916
2023-02-08 17:00:00,86.57319965326236
2023-02-08 18:00:00,83.44446985094268
2023-02-08 19:00:00,96.30773630583025
2023-02-08 20:00:00,81.65988990663868
2023-02-08 21:00:00,81.08430207757732
2023-02-08 22:00:00,98.42053973467533
2023-02-08 23:00:00,98.53381546059519
2023-02-09 00:00:00,101.24815892324821
2023-02-09 01:00:00,115.07248614744896
2023-02-09 02:00:00,117.57332657775777
2023-02-09 03:00:00,117.67606547894908
2023-02-09 04:00:00,117.27330909123606
2023-02-09 05:00:00,130.03512617608388
2023-02-09 06:00:00,129.60532889869506
2023-02-09 07:00:00,125.17696021578624
2023-02-09 08:00:00,132.90801606482887
2023-02-09 09:00:00,115.14603480100196
2023-02-09 10:00:00,108.72669715427807
2023-02-09 11:00:00,108.07116356154597
2023-02-09 12:00:00,106.12639292712429
2023-02-09 13:00:00,102.39463935346483
2023-02-09 14:00:00,95.14814271962013
2023-02-09 15:00:00,93.97246436774232
2023-02-09 16:00:00,82.7761178122608
2023-02-09 17:00:00,94.2546295034867
2023-02-09 18:00:00,85.94356711693892
2023-02-09 19:00:00,92.62228564106104
2023-02-09 20:00:00,90.74744166510153
2023-02-09 21:00:00,94.49595348093975
2023-02-09 22:00:00,99.2031594100628
2023-02-09 23:00:00,103.41648490693792
2023-02-10 00:00:00,109.69990940968754
2023-02-10 01:00:00,118.30843916306239
2023-02-10 02:00:00,117.46890145885716
2023-02-10 03:00:00,124.17345002202333
2023-02-10 04:00:00,123.35812521460244
2023-02-10 05:00:00,133.00539821337856
2023-02-10 06:00:00,123.10433410005346
2023-02-10 07:00:00,134.80951430068527
2023-02-10 08:00:00,123.60601393281688
2023-02-10 09:00:00,113.47455572349052
2023-02-10 10:00:00,117.12681768490376
2023-02-10 11:00:00,108.25741822502583
2023-02-10 12:00:00,110.68951335529343
2023-02-10 13:00:00,98.04679481178745
2023-02-10 14:00:00,94.25537844427592
2023-02-10 15:00:00,82.89645633189122
2023-02-10 16:00:00,86.90425593841567
2023-02-10 17:00:00,75.04838245142365
2023-02-10 18:00:00,78.5667814929212
2023-02-10 19:00:00,90.96985236528992
2023-02-10 20:00:00,93.09478832791521
2023-02-10 21:00:00,94.47144779554368
2023-02-10 22:00:00,91.65141489470375
2023-02-10 23:00:00,101.07135792758949
2023-02-11 00:00:00,106.59833348696995
2023-02-11 01:00:00,106.00090363851048
2023-02-11 02:00:00,124.13333769125855
2023-02-11 03:00:00,125.1452932590321
2023-02-11 04:00:00,122.83203338896323
2023-02-11 05:00:00,126.06929190317682
2023-02-11 06:00:00,127.65826022216055
2023-02-11 07:00:00,115.72618836608271
2023-02-11 08:00:00,122.70096734550859
2023-02-11 09:00:00,117.34856056616475
2023-02-11 10:00:00,111.60824613294821
2023-02-11 11:00:00,110.38722562004344
2023-02-11 12:00:00,115.6047788166704
2023-02-11 13:00:00,104.64417958670742
2023-02-11 14:00:00,93.7604512335088
2023-02-11 15:00:00,95.33712446547264
2023-02-11 16:00:00,96.29261528966404
2023-02-11 17:00:00,91.92099807120526
2023-02-11 18:00:00,86.91449803202366
2023-02-11 19:00:00,84.06314576811354
2023-02-11 20:00:00,92.78695467480198
2023-02-11 21:00:00,94.44163748580058
2023-02-11 22:00:00,101.09231228256145
2023-02-11 23:00:00,104.6158242887822
2023-02-12 00:00:00,111.99219976492614
2023-02-12 01:00:00,109.24464103257704
2023-02-12 02:00:00,123.33140651650109
2023-02-12 03:00:00,121.87456983552241
2023-02-12 04:00:00,134.44124862714455
2023-02-12 05:00:00,122.617013623663
2023-02-12 06:00:00,135.4242552041557
2023-02-12 07:00:00,127.05250663142408
2023-02-12 08:00:00,120.80785424594599
2023-02-12 09:00:00,118.4671426417888
2023-02-12 10:00:00,115.14269964735786
2023-02-12 11:00:00,114.04164682238947
2023-02-12 12:00:00,109.35861362850696
2023-02-12 13:00:00,98.69955526658616
2023-02-12 14:00:00,96.62266322702455
2023-02-12 15:00:00,103.31365235765784
2023-02-12 16:00:00,98.06164396314425
2023-02-12 17:00:00,89.60753801091825
2023-02-12 18:00:00,86.93445357917047
2023-02-12 19:00:00,88.0260762961394
2023-02-12 20:00:00,92.49151797629278
2023-02-12 21:00:00,87.48833773860648
2023-02-12 22:00:00,95.45755350121273
2023-02-12 23:00:00,93.22513491689108
2023-02-13 00:00:00,108.86664328526307
2023-02-13 01:00:00,115.28288827280078
2023-02-13 02:00:00,114.4545953607398
2023-02-13 03:00:00,128.88259711241778
2023-02-13 04:00:00,118.06220743291374
2023-02-13 05:00:00,118.86716979696895
2023-02-13 06:00:00,127.99278676503654
2023-02-13 07:00:00,131.42453571107882
2023-02-13 08:00:00,132.6106742052148
2023-02-13 09:00:00,118.71824198162292
2023-02-13 10:00:00,122.26393183939315
2023-02-13 11:00:00,111.85436622678357
2023-02-13 12:00:00,106.00739117253258
2023-02-13 13:00:00,106.11244645761961
2023-02-13 14:00:00,100.13214206430378
2023-02-13 15:00:00,84.84643126358448
2023-02-13 16:00:00,96.93272134517738
2023-02-13 17:00:00,94.45246791719256
2023-02-13 18:00:00,83.74271416468903
2023-02-13 19:00:00,89.53102881364235
2023-02-13 20:00:00,92.02017052796161
2023-02-13 21:00:00,94.03176087762526
2023-02-13 22:00:00,94.11900190300958
2023-02-13 23:00:00,98.336029930496
2023-02-14 00:00:00,106.86681291555925
2023-02-14 01:00:00,118.0346092688637
2023-02-14 02:00:00,119.71258404348863
2023-02-14 03:00:00,119.2836472338169
2023-02-14 04:00:00,128.17358489944695
2023-02-14 05:00:00,112.07038669314747
2023-02-14 06:00:00,132.738411772377
2023-02-14 07:00:00,117.61453090240735
2023-02-14 08:00:00,122.50288663918958
2023-02-14 09:00:00,115.5383694211167
2023-02-14 10:00:00,110.52117589191194
2023-02-14 11:00:00,117.9750981094595
2023-02-14 12:00:00,104.65607726395702
2023-02-14 13:00:00,103.55072177711963
2023-02-14 14:00:00,96.75998037612055
2023-02-14 15:00:00,95.23765178290114
2023-02-14 16:00:00,90.05818465012898
2023-02-14 17:00:00,81.26110562379225
2023-02-14 18:00:00,91.97591736775217
2023-02-14 19:00:00,85.20728382892854
2023-02-14 20:00:00,81.89116570152895
2023-02-14 21:00:00,90.71187184195595
2023-02-14 22:00:00,104.49838222368803
2023-02-14 23:00:00,106.06931107903351
2023-02-15 00:00:00,105.37330555077845
2023-02-15 01:00:00,110.54665860327601
2023-02-15 02:00:00,115.50839096673084
2023-02-15 03:00:00,131.6424417643529
2023-02-15 04:00:00,126.34675155966428
2023-02-15 05:00:00,128.5852909845545
2023-02-15 06:00:00,132.26798349297695
2023-02-15 07:00:00,127.62902854373169
2023-02-15 08:00:00,123.14186356940301
2023-02-15 09:00:00,120.27695260112381
2023-02-15 10:00:00,116.75855992574743
2023-02-15 11:00:00,112.10683594231897
2023-02-15 12:00:00,110.75471394100265
2023-02-15 13:00:00,102.19991474980384
2023-02-15 14:00:00,100.77976660889564
2023-02-15 15:00:00,92.5708476985439
2023-02-15 16:00:00,90.18923409870945
2023-02-15 17:00:00,77.80704627437584
2023-02-15 18:00:00,91.69820459633016
2023-02-15 19:00:00,89.53049207652634
2023-02-15 20:00:00,94.78610869642725
2023-02-15 21:00:00,78.49315370811836
2023-02-15 22:00:00,107.55843974672139
2023-02-15 23:00:00,101.24223717999146
2023-02-16 00:00:00,112.77735446664671
2023-02-16 01:00:00,107.21329164938189
2023-02-16 02:00:00,120.30030990827198
2023-02-16 03:00:00,116.1114981908218
2023-02-16 04:00:00,121.43810365516887
2023-02-16 05:00:00,136.12511367807443
2023-02-16 06:00:00,126.2830283791424
2023-02-16 07:00:00,127.64212127463912
2023-02-16 08:00:00,128.9072871120917
2023-02-16 09:00:00,123.85698544655311
2023-02-16 10:00:00,117.98853490867701
2023-02-16 11:00:00,114.23762629734068
2023-02-16 12:00:00,119.25351830915051
2023-02-16 13:00:00,101.77196549574079
2023-02-16 14:00:00,98.24193561653397
2023-02-16 15:00:00,98.34757673926626
2023-02-16 16:00:00,95.44356197206028
2023-02-16 17:00:00,93.85307538497966
2023-02-16 18:00:00,90.43009149310505
2023-02-16 19:00:00,82.20289929352533
2023-02-16 20:00:00,98.08308996877585
2023-02-16 21:00:00,87.36257779413474
2023-02-16 22:00:00,98.7496177091543
2023-02-16 23:00:00,98.28868023081192
2023-02-17 00:00:00,107.0334784966749
2023-02-17 01:00:00,114.17436318320766
2023-02-17 02:00:00,118.96095630689123
2023-02-17 03:00:00,123.60590962454724
2023-02-17 04:00:00,132.74323465062187
2023-02-17 05:00:00,128.94035826299114
2023-02-17 06:00:00,126.13338705318662
2023-02-17 07:00:00,131.49312259686303
2023-02-17 08:00:00,130.62203074995182
2023-02-17 09:00:00,115.35826677768586
2023-02-17 10:00:00,120.34117057888915
2023-02-17 11:00:00,116.03641484324478
2023-02-17 12:00:00,105.8663527128399
2023-02-17 13:00:00,109.05632339414754
2023-02-17 14:00:00,96.60389229447723
2023-02-17 15:00:00,93.83991687326662
2023-02-17 16:00:00,89.16830303253175
2023-02-17 17:00:00,88.11354894176583
2023-02-17 18:00:00,81.87279479516386
2023-02-17 19:00:00,80.83539929088701
2023-02-17 20:00:00,98.00618747007596
2023-02-17 21:00:00,88.97722786431727
2023-02-17 22:00:00,92.39720848235832
2023-02-17 23:00:00,91.41083875957086
2023-02-18 00:00:00,104.27491213851805
2023-02-18 01:00:00,106.03065281197847
2023-02-18 02:00:00,125.6797966776474
2023-02-18 03:00:00,126.66094194740967
2023-02-18 04:00:00,121.3494772267657
2023-02-18 05:00:00,138.05041642946847
2023-02-18 06:00:00,132.37854831192354
2023-02-18 07:00:00,125.16408048520381
2023-02-18 08:00:00,112.29320037828647
2023-02-18 09:00:00,133.06656936365022
2023-02-18 10:00:00,110.52185854314757
2023-02-18 11:00:00,104.41910804423152
2023-02-18 12:00:00,112.58257303701376
2023-02-18 13:00:00,114.4921020066115
2023-02-18 14:00:00,104.39108496951815
2023-02-18 15:00:00,96.14713085349642
2023-02-18 16:00:00,93.12298450960321
2023-02-18 17:00:00,92.41828214508571
2023-02-18 18:00:00,91.26436382589938
2023-02-18 19:00:00,89.55716147103105
2023-02-18 20:00:00,90.67021832103617
2023-02-18 21:00:00,93.014619613737
2023-02-18 22:00:00,93.69989793263217
2023-02-18 23:00:00,100.88996459058126
2023-02-19 00:00:00,99.11827401380869
2023-02-19 01:00:00,112.26774085286229
2023-02-19 02:00:00,112.64010254903103
2023-02-19 03:00:00,116.20724712243772
2023-02-19 04:00:00,125.80303691624178
2023-02-19 05:00:00,133.86158604228999
2023-02-19 06:00:00,132.1746411147972
2023-02-19 07:00:00,119.04907159245111
2023-02-19 08:00:00,119.95542547762273
2023-02-19 09:00:00,126.42904964845765
2023-02-19 10:00:00,112.67062111709407
2023-02-19 11:00:00,111.63627323685093
2023-02-19 12:00:00,110.33331857990838
2023-02-19 13:00:00,97.56495490841705
2023-02-19 14:00:00,98.10993561551543
2023-02-19 15:00:00,86.77079498646367
2023-02-19 16:00:00,87.2557117893408
2023-02-19 17:00:00,89.86345122971693
2023-02-19 18:00:00,79.61808941712728
2023-02-19 19:00:00,90.46691524880623
2023-02-19 20:00:00,90.16436101446345
2023-02-19 21:00:00,96.20337223314041
2023-02-19 22:00:00,98.70262875510893
2023-02-19 23:00:00,109.22737933260441
2023-02-20 00:00:00,108.32027078207892
2023-02-20 01:00:00,110.72350146526352
2023-02-20 02:00:00,118.3056357840008
2023-02-20 03:00:00,124.55277403775227
2023-02-20 04:00:00,125.25895669615667
2023-02-20 05:00:00,127.21562325064018
2023-02-20 06:00:00,124.1841898298056
2023-02-20 07:00:00,123.69816020686602
2023-02-20 08:00:00,118.00162998552969
2023-02-20 09:00:00,130.58416760850503
2023-02-20 10:00:00,111.47483209188296
2023-02-20 11:00:00,109.40600318191028
2023-02-20 12:00:00,104.1021119409934
2023-02-20 13:00:00,106.99238925151118
2023-02-20 14:00:00,96.21939987737925
2023-02-20 15:00:00,99.79072300847712
2023-02-20 16:00:00,87.00618707193128
2023-02-20 17:00:00,89.77060255417702
2023-02-20 18:00:00,83.5174130025406
2023-02-20 19:00:00,99.10137738192495
2023-02-20 20:00:00,84.43564809800306
2023-02-20 21:00:00,95.10111619624357
2023-02-20 22:00:00,100.86303267349987
2023-02-20 23:00:00,104.58676285404646
2023-02-21 00:00:00,106.87652021631921
2023-02-21 01:00:00,112.33023591409103
2023-02-21 02:00:00,118.0220158706033
2023-02-21 03:00:00,121.21008412629627
2023-02-21 04:00:00,129.94286217037106
2023-02-21 05:00:00,138.17409004444588
2023-02-21 06:00:00,125.01549958566858
2023-02-21 07:00:00,120.27246013859374
2023-02-21 08:00:00,124.68205634464026
2023-02-21 09:00:00,134.84364082271028
2023-02-21 10:00:00,113.7845856708591
2023-02-21 11:00:00,121.17492343997851
2023-02-21 12:00:00,116.19146258108995
2023-02-21 13:00:00,99.85863640011738
2023-02-21 14:00:00,100.64787390663413
2023-02-21 15:00:00,101.8028060026195
2023-02-21 16:00:00,88.58681173008155
2023-02-21 17:00:00,87.46654018441457
2023-02-21 18:00:00,84.89455394096453
2023-02-21 19:00:00,83.41065833146205
2023-02-21 20:00:00,87.23606270968895
2023-02-21 21:00:00,87.54112155316552
2023-02-21 22:00:00,97.97337585200388
2023-02-21 23:00:00,98.77671145336411
2023-02-22 00:00:00,109.07838612652151
2023-02-22 01:00:00,105.30635923860005
2023-02-22 02:00:00,119.56385772864006
2023-02-22 03:00:00,126.21923699934335
2023-02-22 04:00:00,115.26128643039925
2023-02-22 05:00:00,129.098255942587
2023-02-22 06:00:00,134.04780152993425
2023-02-22 07:00:00,121.17976799989312
2023-02-22 08:00:00,133.59282657744507
2023-02-22 09:00:00,124.14668723812895
2023-02-22 10:00:00,114.38439728877573
2023-02-22 11:00:00,112.80699208132967
2023-02-22 12:00:00,110.70109113017638
2023-02-22 13:00:00,103.11310262257942
2023-02-22 14:00:00,100.60323652979962
2023-02-22 15:00:00,89.16395297844001
2023-02-22 16:00:00,91.4357526120594
2023-02-22 17:00:00,81.52236755726149
2023-02-22 18:00:00,87.35332626082428
2023-02-22 19:00:00,84.07140183446245
2023-02-22 20:00:00,86.91129877893017
2023-02-22 21:00:00,99.947786819889
2023-02-22 22:00:00,103.36600717053912
2023-02-22 23:00:00,105.77876627005324
2023-02-23 00:00:00,102.55204705838388
2023-02-23 01:00:00,111.60794953532317
2023-02-23 02:00:00,124.07909938164269
2023-02-23 03:00:00,122.86433107367725
2023-02-23 04:00:00,136.930766657344
2023-02-23 05:00:00,129.29871660450002
2023-02-23 06:00:00,128.97385646419693
2023-02-23 07:00:00,125.78654508651564
2023-02-23 08:00:00,126.00182348134696
2023-02-23 09:00:00,121.393397323575
2023-02-23 10:00:00,121.55415426518972
2023-02-23 11:00:00,117.97350336777012
2023-02-23 12:00:00,104.08366357920703
2023-02-23 13:00:00,96.18106521190747
2023-02-23 14:00:00,88.83258401623029
2023-02-23 15:00:00,96.41143189257855
2023-02-23 16:00:00,85.17626977518864
2023-02-23 17:00:00,77.93064139120298
2023-02-23 18:00:00,89.95650390440159
2023-02-23 19:00:00,101.16009194312934
2023-02-23 20:00:00,90.66274824835854
2023-02-23 21:00:00,98.06392913027403
2023-02-23 22:00:00,98.4227576744846
2023-02-23 23:00:00,102.34278171374064
2023-02-24 00:00:00,112.71077300501246
2023-02-24 01:00:00,111.84039877118077
2023-02-24 02:00:00,119.45235216043314
2023-02-24 03:00:00,123.86601524478463
2023-02-24 04:00:00,122.09544639754714
2023-02-24 05:00:00,132.3941188635376
2023-02-24 06:00:00,127.24059180659657
2023-02-24 07:00:00,123.65518131839077
2023-02-24 08:00:00,128.1184478836144
2023-02-24 09:00:00,117.76518630484938
2023-02-24 10:00:00,118.25629637691925
2023-02-24 11:00:00,113.24617650890302
2023-02-24 12:00:00,113.5448684192315
2023-02-24 13:00:00,105.31250085242297
2023-02-24 14:00:00,97.9902557963479
2023-02-24 15:00:00,98.06208646234411
2023-02-24 16:00:00,97.74592025947142
2023-02-24 17:00:00,91.58592559605155
2023-02-24 18:00:00,88.16715368929052
2023-02-24 19:00:00,82.23769290254144
2023-02-24 20:00:00,85.46931419900798
2023-02-24 21:00:00,92.44713144456932
2023-02-24 22:00:00,95.0678295792772
2023-02-24 23:00:00,102.00415317309596
2023-02-25 00:00:00,108.49801515750968
2023-02-25 01:00:00,116.03961020685821
2023-02-25 02:00:00,117.86227164272869
2023-02-25 03:00:00,124.78940937588611
2023-02-25 04:00:00,125.85764568276352
2023-02-25 05:00:00,117.65594922703617
2023-02-25 06:00:00,123.51808856393038
2023-02-25 07:00:00,126.81284428019745
2023-02-25 08:00:00,119.48679989450739
2023-02-25 09:00:00,125.35654480673612
2023-02-25 10:00:00,125.86851969474263
2023-02-25 11:00:00,119.48495569356116
2023-02-25 12:00:00,107.1475511783731
2023-02-25 13:00:00,110.4920153152235
2023-02-25 14:00:00,98.9581028190347
2023-02-25 15:00:00,92.38720005370301
2023-02-25 16:00:00,87.8272441396307
2023-02-25 17:00:00,87.38390057480213
2023-02-25 18:00:00,86.27388144031801
2023-02-25 19:00:00,89.74833011912021
2023-02-25 20:00:00,91.69712736258471
2023-02-25 21:00:00,94.08786001006027
2023-02-25 22:00:00,100.3994563817559
2023-02-25 23:00:00,108.99161600490542
2023-02-26 00:00:00,113.0594769408647
2023-02-26 01:00:00,106.06359732345898
2023-02-26 02:00:00,105.5421005891483
2023-02-26 03:00:00,127.1254414435854
2023-02-26 04:00:00,118.79782084726973
2023-02-26 05:00:00,126.50639577997605
2023-02-26 06:00:00,122.46114113336127
2023-02-26 07:00:00,118.62032060153936
2023-02-26 08:00:00,128.3395279803708
2023-02-26 09:00:00,126.24961768890226
2023-02-26 10:00:00,115.42915426002449
2023-02-26 11:00:00,100.53287570498395
2023-02-26 12:00:00,105.58048402239567
2023-02-26 13:00:00,105.0943453886204
2023-02-26 14:00:00,90.91714841978744
2023-02-26 15:00:00,95.08637023882292
2023-02-26 16:00:00,90.91464894210434
2023-02-26 17:00:00,91.88964723588215
2023-02-26 18:00:00,88.90960810572885
2023-02-26 19:00:00,84.12784503346893
2023-02-26 20:00:00,96.97405569629177
2023-02-26 21:00:00,93.37692277479228
2023-02-26 22:00:00,98.17518356610842
2023-02-26 23:00:00,98.46898556624167
2023-02-27 00:00:00,106.18977280038723
2023-02-27 01:00:00,109.15855138826069
2023-02-27 02:00:00,117.54145375672766
2023-02-27 03:00:00,131.10686208078747
2023-02-27 04:00:00,118.86718641737677
2023-02-27 05:00:00,119.65689359274245
2023-02-27 06:00:00,135.76203569381283
2023-02-27 07:00:00,126.67808219636683
2023-02-27 08:00:00,122.38132843873397
2023-02-27 09:00:00,127.74784311705612
2023-02-27 10:00:00,115.37810635766047
2023-02-27 11:00:00,122.71261352612989
2023-02-27 12:00:00,111.79581341304113
2023-02-27 13:00:00,100.79024611356586
2023-02-27 14:00:00,109.1927251226723
2023-02-27 15:00:00,91.23547381759715
2023-02-27 16:00:00,94.79615284070256
2023-02-27 17:00:00,90.58413043259587
2023-02-27 18:00:00,94.91489050333877
2023-02-27 19:00:00,96.89522351419767
2023-02-27 20:00:00,91.24569672598486
2023-02-27 21:00:00,90.49695908088292
2023-02-27 22:00:00,100.70604477104037
2023-02-27 23:00:00,99.84122630553382
2023-02-28 00:00:00,118.5651071529084
2023-02-28 01:00:00,114.35722847273938
2023-02-28 02:00:00,116.67156315871473
2023-02-28 03:00:00,123.56370806833077
2023-02-28 04:00:00,119.08304754331556
2023-02-28 05:00:00,122.9586172485034
2023-02-28 06:00:00,134.5002404549974
2023-02-28 07:00:00,124.53221604619968
2023-02-28 08:00:00,120.58412407755436
2023-02-28 09:00:00,125.32357030164266
2023-02-28 10:00:00,124.42669168859027
2023-02-28 11:00:00,117.26931837065104
2023-02-28 12:00:00,113.47840934430437
2023-02-28 13:00:00,99.53781457037756
2023-02-28 14:00:00,91.38911758156607
2023-02-28 15:00:00,101.86270355132177
2023-02-28 16:00:00,89.56426364537585
2023-02-28 17:00:00,87.92548930721867
2023-02-28 18:00:00,95.13914162452058
2023-02-28 19:00:00,91.9608044364972
2023-02-28 20:00:00,93.45710169999455
2023-02-28 21:00:00,105.18104701604975
2023-02-28 22:00:00,95.28057976337456
2023-02-28 23:00:00,107.96099065363104
2023-03-01 00:00:00,108.87270520724346
2023-03-01 01:00:00,115.10698187912473
2023-03-01 02:00:00,126.2299817148207
2023-03-01 03:00:00,125.2689539879371
2023-03-01 04:00:00,128.59962805369497
2023-03-01 05:00:00,133.2686927950884
2023-03-01 06:00:00,126.7628759350436
2023-03-01 07:00:00,123.71010777184438
2023-03-01 08:00:00,120.68410168834164
2023-03-01 09:00:00,112.89799225960897
2023-03-01 10:00:00,128.86867523245965
2023-03-01 11:00:00,108.24797865620005
2023-03-01 12:00:00,107.48137146482917
2023-03-01 13:00:00,102.02719218126302
2023-03-01 14:00:00,100.12467307180353
2023-03-01 15:00:00,98.52419002172357
2023-03-01 16:00:00,95.56949894886799
2023-03-01 17:00:00,86.35373586413196
2023-03-01 18:00:00,87.75203101382597
2023-03-01 19:00:00,90.68202280941816
2023-03-01 20:00:00,90.02367587615153
2023-03-01 21:00:00,102.48223183912704
2023-03-01 22:00:00,101.04251434094928
2023-03-01 23:00:00,107.0856476109567
2023-03-02 00:00:00,111.98896989063304
2023-03-02 01:00:00,119.718313736773
2023-03-02 02:00:00,119.57967134081451
2023-03-02 03:00:00,116.3325394312477
2023-03-02 04:00:00,127.99351138174795
2023-03-02 05:00:00,124.73629560411821
2023-03-02 06:00:00,126.0314801385472
2023-03-02 07:00:00,130.9249001668528
2023-03-02 08:00:00,132.18648698015292
2023-03-02 09:00:00,122.92305705470723
2023-03-02 10:00:00,120.2187286102908
2023-03-02 11:00:00,122.3620191725226
2023-03-02 12:00:00,109.87832944473881
2023-03-02 13:00:00,116.50659821614752
2023-03-02 14:00:00,101.5021117754537
2023-03-02 15:00:00,85.72861412778593
2023-03-02 16:00:00,95.12076357712988
2023-03-02 17:00:00,91.26183894592849
2023-03-02 18:00:00,95.12332731770971
2023-03-02 19:00:00,92.72195377786439
2023-03-02 20:00:00,90.66177555168834
2023-03-02 21:00:00,88.4109367421182
2023-03-02 22:00:00,97.62944726086585
2023-03-02 23:00:00,99.24558037419905
2023-03-03 00:00:00,105.85629980241882
2023-03-03 01:00:00,116.87818997559589
2023-03-03 02:00:00,127.10843957319946
2023-03-03 03:00:00,124.87441032428828
2023-03-03 04:00:00,120.10000981695526
2023-03-03 05:00:00,130.30044691832452
2023-03-03 06:00:00,134.7420744846707
2023-03-03 07:00:00,125.0285190556269
2023-03-03 08:00:00,125.4093392937666
2023-03-03 09:00:00,122.97449364881936
2023-03-03 10:00:00,114.83442548603122
2023-03-03 11:00:00,117.17670012271215
2023-03-03 12:00:00,108.15417630840352
2023-03-03 13:00:00,105.68019836892715
2023-03-03 14:00:00,94.32145616243193
2023-03-03 15:00:00,92.42948992609443
2023-03-03 16:00:00,95.05031576489252
2023-03-03 17:00:00,87.57623476520222
2023-03-03 18:00:00,97.39373630760944
2023-03-03 19:00:00,87.44221959758804
2023-03-03 20:00:00,92.56183260451309
2023-03-03 21:00:00,99.27973558707693
2023-03-03 22:00:00,91.66708838677727
2023-03-03 23:00:00,94.77849208948811
2023-03-04 00:00:00,101.21239352658317
2023-03-04 01:00:00,120.32997651861996
2023-03-04 02:00:00,116.0813843699714
2023-03-04 03:00:00,135.77380715150585
2023-03-04 04:00:00,123.33994518183546
2023-03-04 05:00:00,129.0819481412002
2023-03-04 06:00:00,136.55122486227302
2023-03-04 07:00:00,138.18965606601063
2023-03-04 08:00:00,136.46870105830442
2023-03-04 09:00:00,129.0246418761303
2023-03-04 10:00:00,123.96098772849095
2023-03-04 11:00:00,116.97969074748998
2023-03-04 12:00:00,112.73248048026683
2023-03-04 13:00:00,100.90836561574056
2023-03-04 14:00:00,94.74968068232211
2023-03-04 15:00:00,94.68166718864794
2023-03-04 16:00:00,90.66924391112023
2023-03-04 17:00:00,87.25601832701588
2023-03-04 18:00:00,92.32261233671721
2023-03-04 19:00:00,94.29868461650481
2023-03-04 20:00:00,91.96220145520411
2023-03-04 21:00:00,102.08618988097899
2023-03-04 22:00:00,93.13222952876612
2023-03-04 23:00:00,102.69599690098462
2023-03-05 00:00:00,105.33570186158146
2023-03-05 01:00:00,104.76351128128059
2023-03-05 02:00:00,118.50641003538198
2023-03-05 03:00:00,122.45321154641002
2023-03-05 04:00:00,133.8075702564949
2023-03-05 05:00:00,131.39238841315074
2023-03-05 06:00:00,123.79887934294945
2023-03-05 07:00:00,137.5087928220478
2023-03-05 08:00:00,132.34549001791103
2023-03-05 09:00:00,125.97243760566951
2023-03-05 10:00:00,117.78739297034632
2023-03-05 11:00:00,109.2989981830285
2023-03-05 12:00:00,107.05877958424021
2023-03-05 13:00:00,109.187175661066
2023-03-05 14:00:00,108.34274499426853
2023-03-05 15:00:00,102.49389548222548
2023-03-05 16:00:00,89.15505827997535
2023-03-05 17:00:00,84.00320977236905
2023-03-05 18:00:00,89.6242446991515
2023-03-05 19:00:00,80.75910011099984
2023-03-05 20:00:00,93.21514395983063
2023-03-05 21:00:00,94.03966490937118
2023-03-05 22:00:00,96.58963095525426
2023-03-05 23:00:00,95.76991722621108
2023-03-06 00:00:00,111.56430922937102
2023-03-06 01:00:00,111.50918540026329
2023-03-06 02:00:00,113.146724517971
2023-03-06 03:00:00,108.77713325384514
2023-03-06 04:00:00,126.17924224695801
2023-03-06 05:00:00,137.1760832056525
2023-03-06 06:00:00,137.30260476926176
2023-03-06 07:00:00,126.02934393937244
2023-03-06 08:00:00,123.30575647040232
2023-03-06 09:00:00,125.48231560062851
2023-03-06 10:00:00,114.00438150058098
2023-03-06 11:00:00,115.68164909767019
2023-03-06 12:00:00,112.82671008844588
2023-03-06 13:00:00,109.95459391389356
2023-03-06 14:00:00,98.49553831412267
2023-03-06 15:00:00,93.83580432190666
2023-03-06 16:00:00,87.28588768705086
2023-03-06 17:00:00,85.54339040054175
2023-03-06 18:00:00,87.8639142370148
2023-03-06 19:00:00,91.51461970482195
2023-03-06 20:00:00,96.24372375199992
2023-03-06 21:00:00,90.83827831938976
2023-03-06 22:00:00,106.45975154132005
2023-03-06 23:00:00,102.46430978925916
2023-03-07 00:00:00,108.96330165628417
2023-03-07 01:00:00,110.51046063433765
2023-03-07 02:00:00,106.94893682666165
2023-03-07 03:00:00,127.63250073356255
2023-03-07 04:00:00,130.0748656891773
2023-03-07 05:00:00,126.98201686821668
2023-03-07 06:00:00,129.40509171415073
2023-03-07 07:00:00,130.96835074232825
2023-03-07 08:00:00,118.57791691928242
2023-03-07 09:00:00,120.56701036502584
2023-03-07 10:00:00,123.04146152613549
2023-03-07 11:00:00,107.97507191423054
2023-03-07 12:00:00,110.5379277888595
2023-03-07 13:00:00,97.11084820285892
2023-03-07 14:00:00,101.402288040194
2023-03-07 15:00:00,94.749795092808
2023-03-07 16:00:00,83.67397097281005
2023-03-07 17:00:00,95.57531837453084
2023-03-07 18:00:00,85.39718024403611
2023-03-07 19:00:00,85.70035941717308
2023-03-07 20:00:00,92.7524760384923
2023-03-07 21:00:00,100.67118925143899
2023-03-07 22:00:00,93.99102903313437
2023-03-07 23:00:00,104.20215647521579
2023-03-08 00:00:00,111.2853623835062
2023-03-08 01:00:00,117.78318882021946
2023-03-08 02:00:00,120.02348765823946
2023-03-08 03:00:00,121.44827631016767
2023-03-08 04:00:00,122.3238368542985
2023-03-08 05:00:00,128.89051582286658
2023-03-08 06:00:00,123.7805848219253
2023-03-08 07:00:00,113.85304399016168
2023-03-08 08:00:00,128.64458697833047
2023-03-08 09:00:00,127.80308971101526
2023-03-08 10:00:00,107.32661770414414
2023-03-08 11:00:00,109.26900726035407
2023-03-08 12:00:00,112.23705118687933
2023-03-08 13:00:00,114.25237632836142
2023-03-08 14:00:00,99.24524842023038
2023-03-08 15:00:00,91.35912955197672
2023-03-08 16:00:00,90.90628960064038
2023-03-08 17:00:00,96.69714545181289
2023-03-08 18:00:00,85.91145898623066
2023-03-08 19:00:00,85.8268033228207
2023-03-08 20:00:00,89.4070541952544
2023-03-08 21:00:00,90.23250121682882
2023-03-08 22:00:00,99.75463146182732
2023-03-08 23:00:00,112.08829127215071
2023-03-09 00:00:00,110.82510924274648
2023-03-09 01:00:00,113.1243262685853
2023-03-09 02:00:00,117.75065653258862
2023-03-09 03:00:00,115.535894457414
2023-03-09 04:00:00,130.9457698385909
2023-03-09 05:00:00,128.1390434178837
2023-03-09 06:00:00,128.3073133092132
2023-03-09 07:00:00,144.49376724217203
2023-03-09 08:00:00,128.02398549468356
2023-03-09 09:00:00,119.59289325042137
2023-03-09 10:00:00,117.07792489613863
2023-03-09 11:00:00,120.12832232520054
2023-03-09 12:00:00,109.77606492985517
2023-03-09 13:00:00,96.84194208352909
2023-03-09 14:00:00,103.80585755004236
2023-03-09 15:00:00,91.72685682574043
2023-03-09 16:00:00,101.25569368256531
2023-03-09 17:00:00,95.29143667995821
2023-03-09 18:00:00,86.97310339887258
2023-03-09 19:00:00,96.29627816006052
2023-03-09 20:00:00,92.22848235411459
2023-03-09 21:00:00,99.33144562904648
2023-03-09 22:00:00,101.63337696363871
2023-03-09 23:00:00,99.80154870016155
2023-03-10 00:00:00,106.05766767420465
2023-03-10 01:00:00,119.60160182574819
2023-03-10 02:00:00,117.60154017525926
2023-03-10 03:00:00,121.39931014331293
2023-03-10 04:00:00,121.82031201473396
2023-03-10 05:00:00,130.71192868954063
2023-03-10 06:00:00,139.58804143200769
2023-03-10 07:00:00,123.25626879030197
2023-03-10 08:00:00,126.71702219484455
2023-03-10 09:00:00,130.47865523660005
2023-03-10 10:00:00,118.87720987956338
2023-03-10 11:00:00,116.71365671909105
2023-03-10 12:00:00,103.96344919505756
2023-03-10 13:00:00,106.2405714197798
2023-03-10 14:00:00,98.33969551076922
2023-03-10 15:00:00,100.06193119046036
2023-03-10 16:00:00,97.89183901792696
2023-03-10 17:00:00,102.90471852010366
2023-03-10 18:00:00,92.17358270185984
2023-03-10 19:00:00,91.58588189292142
2023-03-10 20:00:00,92.92683026798987
2023-03-10 21:00:00,93.36744974800756
2023-03-10 22:00:00,100.96783605310041
2023-03-10 23:00:00,102.62202888304638
2023-03-11 00:00:00,110.18067716957732
2023-03-11 01:00:00,121.10274086831946
2023-03-11 02:00:00,114.30565946183104
2023-03-11 03:00:00,129.17990071760542
2023-03-11 04:00:00,133.24445570061735
2023-03-11 05:00:00,128.06654617905525
2023-03-11 06:00:00,118.7290977931863
2023-03-11 07:00:00,125.61777887853847
2023-03-11 08:00:00,133.14385309672357
2023-03-11 09:00:00,123.36616760046579
2023-03-11 10:00:00,114.3418611267547
2023-03-11 11:00:00,111.99087858413858
2023-03-11 12:00:00,113.54147242075202
2023-03-11 13:00:00,106.89565922718573
2023-03-11 14:00:00,98.14371179238078
2023-03-11 15:00:00,93.36211460542488
2023-03-11 16:00:00,90.05907346732138
2023-03-11 17:00:00,85.40780483995536
2023-03-11 18:00:00,97.41525073557646
2023-03-11 19:00:00,88.40825341639118
2023-03-11 20:00:00,98.10365681666796
2023-03-11 21:00:00,102.80281692411056
2023-03-11 22:00:00,104.32992677896905
2023-03-11 23:00:00,102.00388982258859
2023-03-12 00:00:00,111.417211031102
2023-03-12 01:00:00,114.45396344951479
2023-03-12 02:00:00,114.88005127576831
2023-03-12 03:00:00,125.16249261175793
2023-03-12 04:00:00,120.8238696993087
2023-03-12 05:00:00,134.65547404750816
2023-03-12 06:00:00,127.075474092927
2023-03-12 07:00:00,129.72287538456453
2023-03-12 08:00:00,128.13550801283844
2023-03-12 09:00:00,122.24617133462952
2023-03-12 10:00:00,122.33202958679533
2023-03-12 11:00:00,112.20042319835676
2023-03-12 12:00:00,113.75504706670517
2023-03-12 13:00:00,97.4922812761348
2023-03-12 14:00:00,100.03045847715102
2023-03-12 15:00:00,104.95106995097944
2023-03-12 16:00:00,87.07639588070232
2023-03-12 17:00:00,86.69131920101333
2023-03-12 18:00:00,91.96809982771353
2023-03-12 19:00:00,90.97795296333557
2023-03-12 20:00:00,93.83120300009799
2023-03-12 21:00:00,97.70236060642632
2023-03-12 22:00:00,102.5721679222278
2023-03-12 23:00:00,109.77067888714964
2023-03-13 00:00:00,111.50505715891398
2023-03-13 01:00:00,113.42605650322913
2023-03-13 02:00:00,122.81883238028507
2023-03-13 03:00:00,133.09750917247845
2023-03-13 04:00:00,126.11330321804732
2023-03-13 05:00:00,123.90183387669958
2023-03-13 06:00:00,134.99136722070628
2023-03-13 07:00:00,128.17257458028482
2023-03-13 08:00:00,115.91312421989002
2023-03-13 09:00:00,127.83520788375448
2023-03-13 10:00:00,116.7793229445018
2023-03-13 11:00:00,114.17967836480103
2023-03-13 12:00:00,111.1158655271165
2023-03-13 13:00:00,105.23208137111635
2023-03-13 14:00:00,103.00322295996662
2023-03-13 15:00:00,93.13639639769129
2023-03-13 16:00:00,94.70098478946306
2023-03-13 17:00:00,88.83971396057045
2023-03-13 18:00:00,93.15001627870893
2023-03-13 19:00:00,93.2142847685553
2023-03-13 20:00:00,87.45826228835968
2023-03-13 21:00:00,100.74373883141563
2023-03-13 22:00:00,96.77614664870117
2023-03-13 23:00:00,108.31987196362672
2023-03-14 00:00:00,111.34700172995824
2023-03-14 01:00:00,123.87786444897756
2023-03-14 02:00:00,118.39323525109228
2023-03-14 03:00:00,121.9061168060915
2023-03-14 04:00:00,126.73397520920163
2023-03-14 05:00:00,127.31318277456154
2023-03-14 06:00:00,133.51027467266178
2023-03-14 07:00:00,120.74752864654997
2023-03-14 08:00:00,121.56266114290854
2023-03-14 09:00:00,118.31368617878653
2023-03-14 10:00:00,124.26210312281941
2023-03-14 11:00:00,123.2400129279116
2023-03-14 12:00:00,108.98831907026418
2023-03-14 13:00:00,103.49007564495108
2023-03-14 14:00:00,99.86082597851744
2023-03-14 15:00:00,101.17782105226155
2023-03-14 16:00:00,87.5532914163099
2023-03-14 17:00:00,91.38389355084408
2023-03-14 18:00:00,94.38655331186368
2023-03-14 19:00:00,92.69751948686938
2023-03-14 20:00:00,93.13796517025649
2023-03-14 21:00:00,100.3736600020563
2023-03-14 22:00:00,85.99440369795535
2023-03-14 23:00:00,107.72356085855564
2023-03-15 00:00:00,106.29196985028193
2023-03-15 01:00:00,105.58556468368718
2023-03-15 02:00:00,122.11836126354396
2023-03-15 03:00:00,130.5727766154648
2023-03-15 04:00:00,126.19561376846936
2023-03-15 05:00:00,133.64523752771515
2023-03-15 06:00:00,137.6237395558623
2023-03-15 07:00:00,135.4554370596207
2023-03-15 08:00:00,135.0826789884648
2023-03-15 09:00:00,127.41512134500947
2023-03-15 10:00:00,119.93951646042701
2023-03-15 11:00:00,106.72890010848364
2023-03-15 12:00:00,108.33203582526932
2023-03-15 13:00:00,100.16973438728769
2023-03-15 14:00:00,110.41706185340813
2023-03-15 15:00:00,94.54078358002644
2023-03-15 16:00:00,92.85786422415272
2023-03-15 17:00:00,93.00125862034001
2023-03-15 18:00:00,89.78036049778133
2023-03-15 19:00:00,98.71908694229144
2023-03-15 20:00:00,89.12859338155803
2023-03-15 21:00:00,96.39324991837432
2023-03-15 22:00:00,95.84999533742881
2023-03-15 23:00:00,97.7858548077651
2023-03-16 00:00:00,106.55245238419658
2023-03-16 01:00:00,114.60249475553135
2023-03-16 02:00:00,117.4647867161367
2023-03-16 03:00:00,120.29132856308468
2023-03-16 04:00:00,119.9002185960526
2023-03-16 05:00:00,128.5142865013609
2023-03-16 06:00:00,122.087695968568
2023-03-16 07:00:00,132.7300941829524
2023-03-16 08:00:00,127.34400467908429
2023-03-16 09:00:00,116.46567596512931
2023-03-16 10:00:00,118.06525245347369
2023-03-16 11:00:00,111.02689671282052
2023-03-16 12:00:00,111.2071703908189
2023-03-16 13:00:00,111.13716916678831
2023-03-16 14:00:00,90.23543549049428
2023-03-16 15:00:00,96.04429261072916
2023-03-16 16:00:00,91.49012578520104
2023-03-16 17:00:00,93.64948169519396
2023-03-16 18:00:00,90.67728097991144
2023-03-16 19:00:00,86.53293465424753
2023-03-16 20:00:00,90.69552008470114
2023-03-16 21:00:00,91.4890329309746
2023-03-16 22:00:00,104.991333531716
2023-03-16 23:00:00,104.5414751800323
2023-03-17 00:00:00,119.1633528053136
2023-03-17 01:00:00,114.53047620952586
2023-03-17 02:00:00,116.11536554199624
2023-03-17 03:00:00,116.23096303721537
2023-03-17 04:00:00,117.9622090709576
2023-03-17 05:00:00,121.05523618730247
2023-03-17 06:00:00,130.99303263160596
2023-03-17 07:00:00,131.51954101847957
2023-03-17 08:00:00,119.07195394207666
2023-03-17 09:00:00,128.27472657066008
2023-03-17 10:00:00,117.24209411813136
2023-03-17 11:00:00,115.56774533852672
2023-03-17 12:00:00,117.71850251782567
2023-03-17 13:00:00,108.9652150538258
2023-03-17 14:00:00,98.3147461370194
2023-03-17 15:00:00,91.05930262574118
2023-03-17 16:00:00,81.57781429421327
2023-03-17 17:00:00,86.74311625455508
2023-03-17 18:00:00,88.60174818241008
2023-03-17 19:00:00,85.40298521501126
2023-03-17 20:00:00,91.68060646539827
2023-03-17 21:00:00,95.89952316761145
2023-03-17 22:00:00,98.53311946750816
2023-03-17 23:00:00,101.23100557038083
2023-03-18 00:00:00,110.54391257834871
2023-03-18 01:00:00,117.08672336841252
2023-03-18 02:00:00,114.24864383130085
2023-03-18 03:00:00,130.89743674097738
2023-03-18 04:00:00,126.52820663278253
2023-03-18 05:00:00,129.1134038590207
2023-03-18 06:00:00,133.24171133479786
2023-03-18 07:00:00,130.18523640061397
2023-03-18 08:00:00,131.78683046377006
2023-03-18 09:00:00,125.27839566825516
2023-03-18 10:00:00,116.63845234531288
2023-03-18 11:00:00,116.684537746596
2023-03-18 12:00:00,103.98200818191177
2023-03-18 13:00:00,105.06705684534727
2023-03-18 14:00:00,99.53448926529278
2023-03-18 15:00:00,94.51791930842143
2023-03-18 16:00:00,91.73744358563167
2023-03-18 17:00:00,80.9728774652455
2023-03-18 18:00:00,86.95701467981027
2023-03-18 19:00:00,90.84634719843928
2023-03-18 20:00:00,93.17941310281331
2023-03-18 21:00:00,90.42012789015433
2023-03-18 22:00:00,106.02917842283858
2023-03-18 23:00:00,100.19338407539215
2023-03-19 00:00:00,114.58829055435788
2023-03-19 01:00:00,117.05335726313304
2023-03-19 02:00:00,116.50986800250519
2023-03-19 03:00:00,132.7596946385027
2023-03-19 04:00:00,121.09332846863056
2023-03-19 05:00:00,133.6552919455556
2023-03-19 06:00:00,134.7439161419391
2023-03-19 07:00:00,125.70642003212237
2023-03-19 08:00:00,134.02383912773462
2023-03-19 09:00:00,122.63290760246039
2023-03-19 10:00:00,121.18447269812349
2023-03-19 11:00:00,116.21899464763074
2023-03-19 12:00:00,109.06946084437146
2023-03-19 13:00:00,108.6186650154727
2023-03-19 14:00:00,103.70844815448527
2023-03-19 15:00:00,86.85620906180236
2023-03-19 16:00:00,98.9421976904262
2023-03-19 17:00:00,82.11002808576445
2023-03-19 18:00:00,94.90373557343248
2023-03-19 19:00:00,96.05601371008075
2023-03-19 20:00:00,86.96566432495945
2023-03-19 21:00:00,93.54479748822033
2023-03-19 22:00:00,94.21248120929452
2023-03-19 23:00:00,103.4900184982301
2023-03-20 00:00:00,108.23831199412787
2023-03-20 01:00:00,118.85316697845369
2023-03-20 02:00:00,126.33002714565461
2023-03-20 03:00:00,130.8990380927373
2023-03-20 04:00:00,124.28815135785382
2023-03-20 05:00:00,128.05089057211532
2023-03-20 06:00:00,121.36129245395182
2023-03-20 07:00:00,125.067649608357
2023-03-20 08:00:00,131.92324965623263
2023-03-20 09:00:00,131.99853315652868
2023-03-20 10:00:00,113.60673905565696
2023-03-20 11:00:00,111.99254302134253
2023-03-20 12:00:00,109.64645463026193
2023-03-20 13:00:00,106.00290830710419
2023-03-20 14:00:00,95.73046581544834
2023-03-20 15:00:00,97.75665301364609
2023-03-20 16:00:00,90.08877860401323
2023-03-20 17:00:00,90.38770553488379
2023-03-20 18:00:00,92.50990465507506
2023-03-20 19:00:00,90.49207823832988
2023-03-20 20:00:00,90.27604588673496
2023-03-20 21:00:00,95.08829877169646
2023-03-20 22:00:00,99.3366686190299
2023-03-20 23:00:00,102.75204736359551
2023-03-21 00:00:00,108.51908438938058
2023-03-21 01:00:00,122.98268145729008
2023-03-21 02:00:00,122.61766194242229
2023-03-21 03:00:00,122.47779873630124
2023-03-21 04:00:00,130.61834480095854
2023-03-21 05:00:00,127.46248377971743
2023-03-21 06:00:00,135.67868789064931
2023-03-21 07:00:00,130.97979218948794
2023-03-21 08:00:00,126.59706205838373
2023-03-21 09:00:00,126.19378495549843
2023-03-21 10:00:00,111.9586839423736
2023-03-21 11:00:00,109.3556082602175
2023-03-21 12:00:00,103.84343967072081
2023-03-21 13:00:00,105.35139927448421
2023-03-21 14:00:00,108.47563970014156
2023-03-21 15:00:00,106.82742980994831
2023-03-21 16:00:00,95.68281213423111
2023-03-21 17:00:00,92.998770551657
2023-03-21 18:00:00,80.8077760319524
2023-03-21 19:00:00,87.78117917826461
2023-03-21 20:00:00,88.55363786748613
2023-03-21 21:00:00,92.56669108772957
2023-03-21 22:00:00,98.97234560979214
2023-03-21 23:00:00,102.27623091218003
2023-03-22 00:00:00,99.94823911564198
2023-03-22 01:00:00,118.76067035015902
2023-03-22 02:00:00,114.48102303882189
2023-03-22 03:00:00,125.18310811180761
2023-03-22 04:00:00,137.53565959195956
2023-03-22 05:00:00,124.56633173537017
2023-03-22 06:00:00,117.19330055378927
2023-03-22 07:00:00,127.73323358390174
2023-03-22 08:00:00,132.67004441820256
2023-03-22 09:00:00,133.77861106235483
2023-03-22 10:00:00,113.69699019525883
2023-03-22 11:00:00,117.50461518575395
2023-03-22 12:00:00,107.51818588362065
2023-03-22 13:00:00,104.13861549394984
2023-03-22 14:00:00,113.0664549026061
2023-03-22 15:00:00,88.18775090181423
2023-03-22 16:00:00,93.79292839930503
2023-03-22 17:00:00,92.8646875005667
2023-03-22 18:00:00,95.27366979221765
2023-03-22 19:00:00,91.01613740909401
2023-03-22 20:00:00,94.06448278935267
2023-03-22 21:00:00,93.74435970668101
2023-03-22 22:00:00,101.19037287374645
2023-03-22 23:00:00,102.95239588798344
2023-03-23 00:00:00,112.98135387322012
2023-03-23 01:00:00,113.2018236457721
2023-03-23 02:00:00,121.75899639345079
2023-03-23 03:00:00,123.86931597924593
2023-03-23 04:00:00,132.82425375348947
2023-03-23 05:00:00,128.93504233177882
2023-03-23 06:00:00,121.00833208290545
2023-03-23 07:00:00,135.5016184532912
2023-03-23 08:00:00,122.66534099531555
2023-03-23 09:00:00,120.74679835442672
2023-03-23 10:00:00,116.8951879537224
2023-03-23 11:00:00,121.92206579184437
2023-03-23 12:00:00,99.19512335404639
2023-03-23 13:00:00,120.38585619018941
2023-03-23 14:00:00,105.15377846927012
2023-03-23 15:00:00,96.84755337085473
2023-03-23 16:00:00,92.27851634516966
2023-03-23 17:00:00,91.98274827244677
2023-03-23 18:00:00,92.47910656583655
2023-03-23 19:00:00,93.78105582790877
2023-03-23 20:00:00,95.33100867826833
2023-03-23 21:00:00,96.17926220648515
2023-03-23 22:00:00,98.88680232240323
2023-03-23 23:00:00,103.94074710362187
2023-03-24 00:00:00,108.92478354911013
2023-03-24 01:00:00,120.74455633725927
2023-03-24 02:00:00,122.86710856227785
2023-03-24 03:00:00,109.33951740128309
2023-03-24 04:00:00,130.4993369092111
2023-03-24 05:00:00,130.19152245024878
2023-03-24 06:00:00,129.80578116864405
2023-03-24 07:00:00,127.27524921121048
2023-03-24 08:00:00,132.84039662649238
2023-03-24 09:00:00,128.77909288521877
2023-03-24 10:00:00,116.03493661175548
2023-03-24 11:00:00,117.11096728854663
2023-03-24 12:00:00,105.0410412781671
2023-03-24 13:00:00,97.82485322487847
2023-03-24 14:00:00,96.76573882792371
2023-03-24 15:00:00,100.0691566890564
2023-03-24 16:00:00,97.3444421020652
2023-03-24 17:00:00,93.14623552557862
2023-03-24 18:00:00,93.52480388511351
2023-03-24 19:00:00,93.16169986066696
2023-03-24 20:00:00,89.37140889907
2023-03-24 21:00:00,97.91680205051229
2023-03-24 22:00:00,103.90137257701194
2023-03-24 23:00:00,108.49440069789098
2023-03-25 00:00:00,115.86678895155254
2023-03-25 01:00:00,118.64012223223504
2023-03-25 02:00:00,121.67946313188723
2023-03-25 03:00:00,129.4151089094924
2023-03-25 04:00:00,127.11012387362278
2023-03-25 05:00:00,124.8313653638221
2023-03-25 06:00:00,129.1068872744605
2023-03-25 07:00:00,125.51622539592844
2023-03-25 08:00:00,123.86683879499618
2023-03-25 09:00:00,123.34176436433268
2023-03-25 10:00:00,115.96012248917951
2023-03-25 11:00:00,113.55879534803454
2023-03-25 12:00:00,100.45414875941039
2023-03-25 13:00:00,105.8123097289936
2023-03-25 14:00:00,99.92824947099044
2023-03-25 15:00:00,91.69464331510743
2023-03-25 16:00:00,95.89794236065258
2023-03-25 17:00:00,95.29155625653074
2023-03-25 18:00:00,81.88442277233445
2023-03-25 19:00:00,86.79008167556687
2023-03-25 20:00:00,88.75600226955406
2023-03-25 21:00:00,91.08057096490404
2023-03-25 22:00:00,104.06959630383805
2023-03-25 23:00:00,103.77671049826488
2023-03-26 00:00:00,108.61960486238645
2023-03-26 01:00:00,105.09924814895616
2023-03-26 02:00:00,123.11926921998564
2023-03-26 03:00:00,117.88802271840309
2023-03-26 04:00:00,127.56235029595992
2023-03-26 05:00:00,130.64758028451183
2023-03-26 06:00:00,136.74547204813277
2023-03-26 07:00:00,122.71659359912533
2023-03-26 08:00:00,112.16512636552417
2023-03-26 09:00:00,125.00356241643894
2023-03-26 10:00:00,128.94473497649378
2023-03-26 11:00:00,121.31329173568712
2023-03-26 12:00:00,110.99047614531264
2023-03-26 13:00:00,102.30761723872888
2023-03-26 14:00:00,103.97779205212606
2023-03-26 15:00:00,90.93231244668624
2023-03-26 16:00:00,95.00345984003184
2023-03-26 17:00:00,93.15101333899126
2023-03-26 18:00:00,95.2432286064339
2023-03-26 19:00:00,104.42196273771353
2023-03-26 20:00:00,94.58375082914458
2023-03-26 21:00:00,93.25522531667106
2023-03-26 22:00:00,99.81430750797954
2023-03-26 23:00:00,95.9204186424435
2023-03-27 00:00:00,106.48562430602651
2023-03-27 01:00:00,113.08915867295669
2023-03-27 02:00:00,117.33874797179882
2023-03-27 03:00:00,124.86309994537136
2023-03-27 04:00:00,123.16759837524955
2023-03-27 05:00:00,134.88285982387552
2023-03-27 06:00:00,129.96022528606278
2023-03-27 07:00:00,129.2312048815601
2023-03-27 08:00:00,125.64022445459598
2023-03-27 09:00:00,124.87727900449764
2023-03-27 10:00:00,124.08468128480996
2023-03-27 11:00:00,110.79991978496771
2023-03-27 12:00:00,106.6686075160955
2023-03-27 13:00:00,103.26417891553805
2023-03-27 14:00:00,93.22983534410572
2023-03-27 15:00:00,91.72076503913337
2023-03-27 16:00:00,90.25757751805973
2023-03-27 17:00:00,95.01261933925406
2023-03-27 18:00:00,91.27199660648142
2023-03-27 19:00:00,91.60862299252814
2023-03-27 20:00:00,96.89317169662289
2023-03-27 21:00:00,95.13019539574385
2023-03-27 22:00:00,101.91151421111624
2023-03-27 23:00:00,104.26670029475889
2023-03-28 00:00:00,111.3000614780797
2023-03-28 01:00:00,112.23583734507405
2023-03-28 02:00:00,107.7791639396994
2023-03-28 03:00:00,123.44398954388099
2023-03-28 04:00:00,134.40749848727
2023-03-28 05:00:00,133.9228432680709
2023-03-28 06:00:00,134.8002371540374
2023-03-28 07:00:00,135.472419865894
2023-03-28 08:00:00,127.73704576157752
2023-03-28 09:00:00,125.10196389184048
2023-03-28 10:00:00,116.8849902539098
2023-03-28 11:00:00,113.56926635299673
2023-03-28 12:00:00,113.05210547993725
2023-03-28 13:00:00,110.81629101487522
2023-03-28 14:00:00,99.27601835267656
2023-03-28 15:00:00,93.58016778309356
2023-03-28 16:00:00,92.65538144967577
2023-03-28 17:00:00,93.66076694994575
2023-03-28 18:00:00,82.75397565041385
2023-03-28 19:00:00,79.17382843961398
2023-03-28 20:00:00,89.90005740793487
2023-03-28 21:00:00,89.72755197777981
2023-03-28 22:00:00,97.432548742845
2023-03-28 23:00:00,104.05796723494377
2023-03-29 00:00:00,107.71811216644058
2023-03-29 01:00:00,122.42307278595977
2023-03-29 02:00:00,121.61807803456725
2023-03-29 03:00:00,125.62886163334073
2023-03-29 04:00:00,130.4158980074614
2023-03-29 05:00:00,123.60870514843319
2023-03-29 06:00:00,135.179913148657
2023-03-29 07:00:00,128.92404930465972
2023-03-29 08:00:00,130.65726537345049
2023-03-29 09:00:00,118.76720367008582
2023-03-29 10:00:00,112.21556038147531
2023-03-29 11:00:00,119.25018340373121
2023-03-29 12:00:00,111.86640184204322
2023-03-29 13:00:00,100.29771553771768
2023-03-29 14:00:00,95.63603880518217
2023-03-29 15:00:00,101.46939250989855
2023-03-29 16:00:00,86.71678667153023
2023-03-29 17:00:00,98.87920245205407
2023-03-29 18:00:00,85.4812505383163
2023-03-29 19:00:00,93.85779731381618
2023-03-29 20:00:00,91.02075375712195
2023-03-29 21:00:00,98.85815574323641
2023-03-29 22:00:00,97.26378420098467
2023-03-29 23:00:00,103.99400877914374
2023-03-30 00:00:00,110.19709598937544
2023-03-30 01:00:00,110.15794373553989
2023-03-30 02:00:00,123.69662183949747
2023-03-30 03:00:00,121.56856790376986
2023-03-30 04:00:00,126.17000861138551
2023-03-30 05:00:00,124.33926976513565
2023-03-30 06:00:00,117.18083181842029
2023-03-30 07:00:00,128.35587782517737
2023-03-30 08:00:00,139.3760852961502
2023-03-30 09:00:00,128.05765717561792
2023-03-30 10:00:00,119.89619821372487
2023-03-30 11:00:00,113.85442686840592
2023-03-30 12:00:00,110.10482957645708
2023-03-30 13:00:00,107.55171478622248
2023-03-30 14:00:00,94.08843603585261
2023-03-30 15:00:00,101.42197296201026
2023-03-30 16:00:00,96.24889861391429
2023-03-30 17:00:00,94.26491221515514
2023-03-30 18:00:00,92.18487880644548
2023-03-30 19:00:00,90.77206687508541
2023-03-30 20:00:00,96.03629821654218
2023-03-30 21:00:00,98.80943515737277
2023-03-30 22:00:00,98.22229655769172
2023-03-30 23:00:00,101.9481103458619
2023-03-31 00:00:00,110.50696649610884
2023-03-31 01:00:00,122.91916667932526
2023-03-31 02:00:00,113.80214964152941
2023-03-31 03:00:00,116.80219431476766
2023-03-31 04:00:00,128.14199730167024
2023-03-31 05:00:00,129.57064005486038
2023-03-31 06:00:00,130.86439334165095
2023-03-31 07:00:00,130.5359675351228
2023-03-31 08:00:00,126.20218182231366
2023-03-31 09:00:00,131.58913783654026
2023-03-31 10:00:00,111.99316512741633
2023-03-31 11:00:00,111.03158079794811
2023-03-31 12:00:00,109.48141121905367
2023-03-31 13:00:00,96.60536006197766
2023-03-31 14:00:00,99.11841299763856
2023-03-31 15:00:00,104.16290022470807
2023-03-31 16:00:00,92.78160938558996
2023-03-31 17:00:00,91.83267302261095
2023-03-31 18:00:00,83.696861193936
2023-03-31 19:00:00,87.59736145382014
2023-03-31 20:00:00,90.80119504249046
2023-03-31 21:00:00,94.26697391228679
2023-03-31 22:00:00,106.40590399481775
2023-03-31 23:00:00,107.60975942137411
